set_id,unique_reserve
12,MNP-13-1019
13,MNP-13-1019
14,MNP-13-1019
15,MNP-13-1019
16,MNP-13-1019
667,Kapoposang 1
668,Kapoposang 1
669,Kapoposang 1
671,Kapoposang 1
672,Kapoposang 1
673,Kapoposang 2
674,Kapoposang 2
675,Kapoposang 2
676,Kapoposang 2
677,Kapoposang 2
678,Kapoposang 2
679,Kapoposang 2
680,Kapoposang 2
681,Kapoposang 2
682,Kapoposang 2
683,Kapoposang 2
684,Kapoposang 2
685,Kapoposang 2
686,Kapoposang 2
687,Kapoposang 2
688,Kapoposang 2
689,Kapoposang 2
690,Kapoposang 2
691,Kapoposang 2
692,Kapoposang 2
693,Kapoposang 2
694,Kapoposang 2
695,Kapoposang 2
696,Kapoposang 2
697,Kapoposang 2
698,Kapoposang 2
699,Kapoposang 2
700,Kapoposang 2
702,Kapoposang 2
703,Kapoposang 2
704,Kapoposang 2
705,Kapoposang 2
706,Kapoposang 2
707,Kapoposang 2
708,Kapoposang 2
709,Kapoposang 2
710,Kapoposang 2
711,Kapoposang 2
712,Kapoposang 2
713,Kapoposang 2
714,Kapoposang 2
715,Kapoposang 2
716,Kapoposang 1
718,Kapoposang 1
719,Kapoposang 1
720,Kapoposang 1
721,Kapoposang 1
722,Kapoposang 1
723,Kapoposang 1
724,Kapoposang 1
725,Kapoposang 1
726,Kapoposang 1
727,Kapoposang 1
728,Kapoposang 1
729,Kapoposang 1
730,Kapoposang 1
731,Kapoposang 1
732,Kapoposang 1
733,Kapoposang 1
734,Kapoposang 1
735,Kapoposang 1
736,Kapoposang 1
737,Kapoposang 1
738,Kapoposang 1
739,Kapoposang 1
740,Kapoposang 1
741,Kapoposang 1
742,Kapoposang 1
743,Kapoposang 1
744,Kapoposang 1
745,Kapoposang 1
746,Kapoposang 1
747,Kapoposang 1
748,Kapoposang 1
749,Kapoposang 1
750,Kapoposang 1
751,Kapoposang 1
752,Kapoposang 1
753,Kapoposang 1
754,Kapoposang 1
755,Kapoposang 1
756,Kapoposang 1
757,Kapoposang 1
758,Kapoposang 1
759,Kapoposang 1
760,Kapoposang 1
761,Kapoposang 1
762,Kapoposang 1
763,Kapoposang 1
764,Kapoposang 1
765,Kapoposang 1
766,Kapoposang 1
767,Kapoposang 1
768,Kapoposang 1
769,Kapoposang 1
770,Kapoposang 1
771,Kapoposang 1
772,Kapoposang 1
773,Kapoposang 1
774,Kapoposang 1
775,Kapoposang 1
776,Kapoposang 2
777,Kapoposang 2
778,Kapoposang 2
779,Kapoposang 2
780,Kapoposang 2
781,Kapoposang 2
782,Kapoposang 2
783,Kapoposang 2
784,Kapoposang 2
785,Kapoposang 2
786,Kapoposang 2
787,Kapoposang 2
788,Kapoposang 2
789,Kapoposang 2
791,Kapoposang 2
792,Kapoposang 2
793,Kapoposang 2
794,Kapoposang 2
795,Kapoposang 2
796,Kapoposang 2
797,Kapoposang 2
798,Kapoposang 2
799,Kapoposang 2
800,Kapoposang 2
801,Kapoposang 2
802,Kapoposang 2
803,Kapoposang 2
804,Kapoposang 2
805,Kapoposang 2
806,Kapoposang 2
807,Kapoposang 2
808,Kapoposang 2
809,Kapoposang 2
810,Kapoposang 2
811,Kapoposang 2
812,Kapoposang 2
813,Kapoposang 2
814,Kapoposang 2
815,Kapoposang 2
816,Kapoposang 2
817,Kapoposang 2
818,Kapoposang 2
819,Kapoposang 2
820,Kapoposang 2
821,Kapoposang 2
823,Kapoposang 2
824,Kapoposang 2
826,Kapoposang 2
827,Kapoposang 2
828,Kapoposang 2
829,Kapoposang 2
830,Kapoposang 2
831,Kapoposang 2
833,Kapoposang 2
834,Kapoposang 2
835,Kapoposang 2
837,Kapoposang 2
838,Kapoposang 2
839,Kapoposang 2
840,Kapoposang 2
841,Kapoposang 2
842,Kapoposang 2
843,Kapoposang 2
844,Kapoposang 2
845,Kapoposang 2
846,Kapoposang 2
847,Kapoposang 2
848,Kapoposang 2
849,Kapoposang 2
850,Kapoposang 2
851,Kapoposang 2
852,Kapoposang 2
853,Kapoposang 2
854,Kapoposang 2
855,Kapoposang 2
856,Kapoposang 2
857,Kapoposang 2
858,Kapoposang 2
859,Kapoposang 2
860,Kapoposang 2
861,Kapoposang 2
862,Kapoposang 2
863,Kapoposang 2
864,Kapoposang 2
1064,Sipadan
1065,Sipadan
1066,Sipadan
1067,Sipadan
1068,Sipadan
1069,Sipadan
1070,Sipadan
1071,Sipadan
1072,Sipadan
1074,Sipadan
1075,Sipadan
1076,Sipadan
1077,Sipadan
1078,Sipadan
1079,Sipadan
1080,Sipadan
1081,Sipadan
1082,Sipadan
1084,Sipadan
1085,Sipadan
1086,Sipadan
1087,Sipadan
1088,Sipadan
1089,Sipadan
1090,Sipadan
1091,Sipadan
1092,Sipadan
1093,Sipadan
1094,Sipadan
1095,Sipadan
1096,Sipadan
1097,Sipadan
1098,Sipadan
1099,Sipadan
1100,Sipadan
1101,Sipadan
1102,Sipadan
1103,Sipadan
1104,Sipadan
1106,Sipadan
1107,Sipadan
1108,Sipadan
1109,Sipadan
1110,Sipadan
1111,Sipadan
1112,Sipadan
1113,Sipadan
1114,Sipadan
1115,Sipadan
1116,Sipadan
1117,Sipadan
1118,Sipadan
1119,Sipadan
1120,Sipadan
1121,Sipadan
1122,Sipadan
1123,Sipadan
1124,Sipadan
1125,Sipadan
1126,Sipadan
1127,Sipadan
1128,Sipadan
1129,Sipadan
1130,Sipadan
1131,Sipadan
1132,Sipadan
1133,Sipadan
1135,Sipadan
1136,Sipadan
1137,Sipadan
1138,Sipadan
1139,Sipadan
1140,Sipadan
1141,Sipadan
1142,Sipadan
1143,Sipadan
1144,Sipadan
1145,Sipadan
1147,Sipadan
1148,Sipadan
1149,Sipadan
1150,Sipadan
1152,Sipadan
1153,Sipadan
1154,Sipadan
1155,Sipadan
1156,Sipadan
1157,Sipadan
1604,MNP-23-1164
1605,MNP-23-1164
1606,MNP-23-1164
1607,MNP-23-1164
1608,MNP-23-1164
1609,MNP-23-1164
1610,MNP-23-1164
1611,MNP-23-1164
1612,MNP-23-1164
1613,MNP-23-1164
1614,MNP-23-1164
1615,MNP-23-1164
1616,MNP-23-1164
1617,MNP-23-1164
1618,MNP-23-1164
1619,MNP-23-1164
1620,MNP-23-1164
1621,MNP-23-1164
1622,MNP-23-1164
1623,MNP-23-1164
1624,MNP-23-1164
1625,MNP-23-1164
1626,MNP-23-1164
1627,MNP-23-1164
1628,MNP-23-1164
1629,MNP-23-1164
1630,MNP-23-1164
1631,MNP-23-1164
1632,MNP-23-1164
1633,MNP-23-1164
1634,MNP-23-1164
1635,MNP-23-1164
1636,MNP-23-1164
1637,MNP-23-1164
1638,MNP-23-1164
1639,MNP-23-1164
1640,MNP-23-1164
1641,MNP-23-1164
1642,MNP-23-1164
1644,MNP-23-1164
1645,MNP-23-1164
1646,MNP-23-1164
1648,MNP-23-1164
1649,MNP-23-1164
1650,MNP-23-1164
1651,MNP-23-1164
1652,MNP-23-1164
1653,MNP-23-1164
1654,MNP-23-1164
1655,MNP-23-1164
1656,MNP-23-1164
1657,MNP-23-1164
1658,MNP-23-1164
1659,MNP-23-1164
1660,MNP-23-1164
1661,MNP-23-1164
1662,MNP-23-1164
1663,MNP-23-1164
1664,MNP-23-1164
1665,MNP-23-1164
1666,MNP-23-1164
1667,MNP-23-1164
1668,MNP-23-1164
1669,MNP-23-1164
1670,MNP-23-1164
1671,MNP-23-1164
1672,MNP-23-1164
1673,MNP-23-1164
1674,MNP-23-1164
1675,MNP-23-1164
1676,MNP-23-1164
1677,MNP-23-1164
1678,MNP-23-1164
1679,MNP-23-1164
1680,MNP-23-1164
1681,MNP-23-1164
1682,MNP-23-1164
1683,MNP-23-1164
1684,MNP-23-1164
1685,MNP-23-1164
1686,MNP-23-1164
1687,MNP-23-1164
1689,MNP-23-1164
1690,MNP-23-1164
1691,MNP-23-1164
1692,MNP-23-1164
1693,MNP-23-1164
1694,MNP-23-1164
1695,MNP-23-1164
1696,MNP-23-1164
1697,MNP-23-1164
1698,MNP-23-1164
1699,MNP-23-1164
1700,MNP-23-1164
1701,MNP-23-1164
1702,MNP-23-1164
1703,MNP-23-1164
1704,MNP-23-1164
1705,MNP-23-1164
1706,MNP-23-1164
1707,MNP-23-1164
1708,MNP-23-1164
1709,MNP-23-1164
1710,MNP-23-1164
1711,MNP-23-1164
1712,MNP-23-1164
1713,MNP-23-1164
1714,MNP-23-1164
1715,MNP-23-1164
1716,MNP-23-1164
1717,MNP-23-1164
1718,MNP-23-1164
1719,MNP-23-1164
1720,MNP-23-1164
1721,MNP-23-1164
1998,MNP-13-1019
1999,MNP-13-1019
2000,MNP-13-1019
2001,MNP-13-1019
2002,MNP-13-1019
2003,MNP-13-1019
2004,MNP-13-1019
2005,MNP-13-1019
2006,MNP-13-1019
2007,MNP-13-1019
2008,MNP-13-1019
2009,MNP-13-1019
2010,MNP-13-1019
2012,MNP-13-1019
2014,MNP-13-1019
2015,MNP-13-1019
2016,MNP-13-1019
2017,MNP-13-1019
2018,MNP-13-1019
2019,MNP-13-1019
2020,MNP-13-1019
2021,MNP-13-1019
2022,MNP-13-1019
2023,MNP-13-1019
2024,MNP-13-1019
2025,MNP-13-1019
2026,MNP-13-1019
2027,MNP-13-1019
2028,MNP-13-1019
2029,MNP-13-1019
2030,MNP-13-1019
2031,MNP-13-1019
2032,MNP-13-1019
2033,MNP-13-1019
2034,MNP-13-1019
2035,MNP-13-1019
2036,MNP-13-1019
2037,MNP-13-1019
2038,MNP-13-1019
2039,MNP-13-1019
2040,MNP-13-1019
2041,MNP-13-1019
2042,MNP-13-1019
2043,MNP-13-1019
2044,MNP-13-1019
2045,MNP-13-1019
2046,MNP-13-1019
2047,MNP-13-1019
2048,MNP-13-1019
2049,MNP-13-1019
2050,MNP-13-1019
2052,MNP-13-1019
2053,MNP-13-1019
2054,MNP-13-1019
2055,MNP-13-1019
2056,MNP-13-1019
2057,MNP-13-1019
2058,MNP-13-1019
2059,MNP-13-1019
2060,MNP-13-1019
2061,MNP-13-1019
2062,MNP-13-1019
2063,MNP-13-1019
2064,MNP-13-1019
2065,MNP-13-1019
2066,MNP-13-1019
2067,MNP-13-1019
2068,MNP-13-1019
2069,MNP-13-1019
2071,MNP-13-1019
2072,MNP-13-1019
2073,MNP-13-1019
2074,MNP-13-1019
2075,MNP-13-1019
2077,MNP-13-1019
2078,MNP-13-1019
2079,MNP-13-1019
2080,MNP-13-1019
2081,MNP-13-1019
2082,MNP-13-1019
2083,MNP-13-1019
2084,MNP-13-1019
2085,MNP-13-1019
2086,MNP-13-1019
2087,MNP-13-1019
2088,MNP-13-1019
2089,MNP-11-1004
2090,MNP-11-1004
2091,MNP-11-1004
2092,MNP-11-1004
2093,MNP-11-1004
2094,MNP-11-1004
2095,MNP-11-1004
2096,MNP-11-1004
2097,MNP-11-1004
2098,MNP-11-1004
2099,MNP-11-1004
2100,MNP-11-1004
2101,MNP-11-1004
2102,MNP-11-1004
2103,MNP-11-1004
2104,MNP-11-1004
2105,MNP-11-1004
2106,MNP-11-1004
2107,MNP-11-1004
2108,MNP-11-1004
2109,MNP-11-1004
2110,MNP-11-1004
2111,MNP-11-1004
2112,MNP-11-1004
2113,MNP-11-1004
2114,MNP-11-1004
2115,MNP-11-1004
2116,MNP-11-1004
2117,MNP-11-1004
2118,MNP-11-1004
2119,MNP-11-1004
2120,MNP-11-1004
2121,MNP-11-1004
2122,MNP-11-1004
2123,MNP-11-1004
2124,MNP-11-1004
2125,MNP-11-1004
2126,MNP-11-1004
2127,MNP-11-1004
2128,MNP-11-1004
2129,MNP-11-1004
2130,MNP-11-1004
2131,MNP-11-1004
2132,MNP-11-1004
2133,MNP-11-1004
2134,MNP-11-1004
2135,MNP-11-1004
2136,MNP-11-1004
2137,MNP-11-1004
2138,MNP-11-1004
2139,MNP-11-1004
2140,MNP-11-1004
2141,MNP-11-1004
2142,MNP-11-1004
2143,MNP-11-1004
2144,MNP-11-1004
2145,MNP-11-1004
2146,MNP-11-1004
2147,MNP-11-1004
2148,MNP-11-1004
2149,MNP-18-1084
2150,MNP-18-1084
2151,MNP-18-1084
2152,MNP-18-1084
2153,MNP-18-1084
2154,MNP-18-1084
2155,MNP-18-1084
2156,MNP-18-1084
2157,MNP-18-1084
2158,MNP-18-1084
2159,MNP-18-1084
2160,MNP-18-1084
2161,MNP-18-1084
2162,MNP-18-1084
2163,MNP-18-1084
2164,MNP-18-1084
2165,MNP-18-1084
2166,MNP-18-1084
2167,MNP-18-1084
2168,MNP-18-1084
2169,MNP-18-1084
2170,MNP-18-1084
2171,MNP-18-1084
2172,MNP-18-1084
2173,MNP-18-1084
2174,MNP-18-1084
2175,MNP-18-1084
2176,MNP-18-1084
2177,MNP-18-1084
2178,MNP-18-1084
2179,MNP-18-1084
2180,MNP-18-1084
2181,MNP-18-1084
2182,MNP-18-1084
2183,MNP-18-1084
2184,MNP-18-1084
2185,MNP-18-1084
2186,MNP-18-1084
2187,MNP-18-1084
2188,MNP-18-1084
2189,MNP-18-1084
2190,MNP-18-1084
2191,MNP-18-1084
2192,MNP-18-1084
2193,MNP-18-1084
2194,MNP-18-1084
2195,MNP-18-1084
2196,MNP-18-1084
2197,MNP-18-1084
2198,MNP-18-1084
2199,MNP-18-1084
2200,MNP-18-1084
2201,MNP-18-1084
2202,MNP-18-1084
2203,MNP-18-1084
2204,MNP-18-1084
2205,MNP-18-1084
2206,MNP-18-1084
2207,MNP-18-1084
2208,MNP-18-1084
2209,MNP-18-1084
2210,MNP-18-1084
2211,MNP-18-1084
2213,MNP-18-1084
2214,MNP-18-1084
2215,MNP-18-1084
2216,MNP-18-1084
2217,MNP-18-1081
2218,MNP-18-1081
2219,MNP-18-1081
2220,MNP-18-1081
2221,MNP-18-1081
2222,MNP-18-1081
2223,MNP-18-1081
2224,MNP-18-1081
2225,MNP-18-1081
2226,MNP-18-1081
2227,MNP-18-1081
2228,MNP-18-1081
2229,MNP-18-1081
2230,MNP-18-1081
2231,MNP-18-1081
2232,MNP-18-1081
2233,MNP-18-1081
2234,MNP-18-1081
2235,MNP-18-1081
2236,MNP-18-1081
2238,MNP-18-1081
2239,MNP-18-1081
2240,MNP-18-1081
2241,MNP-18-1081
2243,MNP-18-1081
2245,MNP-18-1081
2246,MNP-18-1081
2247,MNP-18-1081
2248,MNP-18-1081
2249,MNP-18-1081
2250,MNP-18-1081
2251,MNP-18-1081
2252,MNP-18-1081
2253,MNP-18-1081
2254,MNP-18-1081
2255,MNP-18-1081
2256,MNP-18-1081
2257,MNP-18-1081
2258,MNP-18-1081
2259,MNP-18-1081
2260,MNP-18-1081
2261,MNP-18-1081
2262,MNP-18-1081
2263,MNP-18-1081
2264,MNP-18-1081
2265,MNP-18-1081
2266,MNP-18-1081
2267,MNP-18-1081
2268,MNP-18-1081
2269,MNP-18-1081
2270,MNP-18-1081
2271,MNP-18-1081
2272,MNP-18-1081
2274,MNP-18-1081
2275,MNP-18-1081
2276,MNP-18-1081
2277,MNP-18-1081
2278,MNP-18-1081
2279,MNP-18-1081
2280,MNP-18-1081
2281,MNP-18-1081
2282,MNP-18-1081
2283,MNP-18-1081
2284,MNP-18-1081
2285,MNP-18-1081
2286,MNP-18-1081
2287,MNP-18-1081
2288,MNP-18-1081
2289,MNP-18-1081
2291,MNP-18-1081
2292,MNP-18-1081
2293,MNP-18-1081
2294,MNP-18-1081
2295,MNP-18-1081
2296,MNP-18-1081
2297,MNP-18-1081
2298,MNP-18-1081
2299,MNP-18-1081
2300,MNP-18-1081
2301,MNP-18-1081
2302,MNP-18-1081
2303,MNP-18-1081
2304,MNP-18-1081
2307,MNP-18-1081
2308,MNP-18-1081
2309,MNP-18-1081
2310,MNP-18-1081
2311,MNP-18-1081
2312,MNP-18-1081
2313,MNP-18-1081
2314,MNP-18-1081
2315,MNP-18-1081
2316,MNP-18-1081
2317,MNP-18-1081
2318,MNP-18-1081
2319,MNP-18-1081
2320,MNP-18-1081
2321,MNP-18-1081
2958,Exuma Cays
2960,Exuma Cays
2961,Exuma Cays
2962,Exuma Cays
2963,Exuma Cays
2964,Exuma Cays
2965,Exuma Cays
2966,Exuma Cays
2967,Exuma Cays
2968,Exuma Cays
2970,Exuma Cays
2971,Exuma Cays
2972,Exuma Cays
2973,Exuma Cays
2974,Exuma Cays
2975,Exuma Cays
2976,Exuma Cays
2977,Exuma Cays
2978,Exuma Cays
2979,Exuma Cays
2980,Exuma Cays
2981,Exuma Cays
2982,Exuma Cays
2983,Exuma Cays
2984,Exuma Cays
2986,Exuma Cays
2987,Exuma Cays
2988,Exuma Cays
2989,Exuma Cays
2990,Exuma Cays
2991,Exuma Cays
2992,Exuma Cays
2993,Exuma Cays
2994,Exuma Cays
2995,Exuma Cays
2996,Exuma Cays
2997,Exuma Cays
2998,Exuma Cays
2999,Exuma Cays
3000,Exuma Cays
3001,Exuma Cays
3002,Exuma Cays
3003,Exuma Cays
3004,Exuma Cays
3005,Exuma Cays
3006,Exuma Cays
3007,Exuma Cays
3008,Exuma Cays
3009,Exuma Cays
3010,Exuma Cays
3011,Exuma Cays
3012,Exuma Cays
3013,Exuma Cays
3014,Exuma Cays
3015,Exuma Cays
3016,Exuma Cays
3017,Exuma Cays
3018,Exuma Cays
3019,Exuma Cays
3020,Exuma Cays
3021,Exuma Cays
3022,Exuma Cays
3023,Exuma Cays
3024,Exuma Cays
3025,Exuma Cays
3026,Exuma Cays
3027,Exuma Cays
3028,Exuma Cays
3029,Exuma Cays
3030,Exuma Cays
3031,Exuma Cays
3032,Exuma Cays
3033,Exuma Cays
3034,Exuma Cays
3035,Exuma Cays
3036,Exuma Cays
3037,Exuma Cays
3038,Exuma Cays
3039,Exuma Cays
3040,Exuma Cays
3041,Exuma Cays
3042,Exuma Cays
3043,Exuma Cays
3044,Exuma Cays
3045,Exuma Cays
3046,Exuma Cays
3047,Exuma Cays
3048,Exuma Cays
3049,Exuma Cays
3050,Exuma Cays
3051,Exuma Cays
3052,Exuma Cays
3053,Exuma Cays
3097,Halfmoon Cay
3098,Halfmoon Cay
3099,Halfmoon Cay
3100,Halfmoon Cay
3101,Halfmoon Cay
3102,Halfmoon Cay
3103,Halfmoon Cay
3104,Halfmoon Cay
3105,Halfmoon Cay
3106,Halfmoon Cay
3107,Halfmoon Cay
3108,Halfmoon Cay
3109,Halfmoon Cay
3110,Halfmoon Cay
3111,Halfmoon Cay
3112,Halfmoon Cay
3113,Halfmoon Cay
3114,Halfmoon Cay
3115,Halfmoon Cay
3116,Halfmoon Cay
3117,Halfmoon Cay
3118,Halfmoon Cay
3119,Halfmoon Cay
3120,Halfmoon Cay
3121,Halfmoon Cay
3122,Halfmoon Cay
3123,Halfmoon Cay
3124,Halfmoon Cay
3125,Halfmoon Cay
3126,Halfmoon Cay
3127,Halfmoon Cay
3129,Halfmoon Cay
3130,Halfmoon Cay
3131,Halfmoon Cay
3132,Halfmoon Cay
3133,Halfmoon Cay
3134,Halfmoon Cay
3135,Halfmoon Cay
3136,Halfmoon Cay
3137,Halfmoon Cay
3140,Halfmoon Cay
3141,Halfmoon Cay
3142,Halfmoon Cay
3143,Halfmoon Cay
3144,Halfmoon Cay
3145,Halfmoon Cay
3148,Halfmoon Cay
3149,Halfmoon Cay
3150,Halfmoon Cay
3151,Halfmoon Cay
3152,Halfmoon Cay
3153,Halfmoon Cay
3155,Halfmoon Cay
3156,Halfmoon Cay
3157,Halfmoon Cay
3158,Halfmoon Cay
3159,Halfmoon Cay
3160,Halfmoon Cay
3161,Halfmoon Cay
3162,Halfmoon Cay
3163,Halfmoon Cay
3164,Halfmoon Cay
3165,Halfmoon Cay
4864,Namena
4865,Namena
4866,Namena
4867,Namena
4868,Namena
4869,Namena
4870,Namena
4871,Namena
4872,Namena
4873,Namena
4874,Namena
4875,Namena
4876,Namena
4877,Namena
4878,Namena
4879,Namena
4880,Namena
4881,Namena
4882,Namena
4883,Namena
4884,Namena
4885,Namena
4886,Namena
5608,Corals Rosario and San Bernardo
5609,Corals Rosario and San Bernardo
5610,Corals Rosario and San Bernardo
5611,Corals Rosario and San Bernardo
5612,Corals Rosario and San Bernardo
5613,Corals Rosario and San Bernardo
5614,Corals Rosario and San Bernardo
5615,Corals Rosario and San Bernardo
5616,Corals Rosario and San Bernardo
5617,Corals Rosario and San Bernardo
5618,Corals Rosario and San Bernardo
5619,Corals Rosario and San Bernardo
5620,Corals Rosario and San Bernardo
5621,Corals Rosario and San Bernardo
5622,Corals Rosario and San Bernardo
5623,Corals Rosario and San Bernardo
5624,Corals Rosario and San Bernardo
5625,Corals Rosario and San Bernardo
5626,Corals Rosario and San Bernardo
5627,Corals Rosario and San Bernardo
5628,Corals Rosario and San Bernardo
5629,Corals Rosario and San Bernardo
5630,Corals Rosario and San Bernardo
5631,Corals Rosario and San Bernardo
5632,Corals Rosario and San Bernardo
5633,Corals Rosario and San Bernardo
5634,Corals Rosario and San Bernardo
5635,Corals Rosario and San Bernardo
5636,Corals Rosario and San Bernardo
5637,Corals Rosario and San Bernardo
5638,Corals Rosario and San Bernardo
5639,Corals Rosario and San Bernardo
5640,Corals Rosario and San Bernardo
5641,Corals Rosario and San Bernardo
5642,Corals Rosario and San Bernardo
5643,Corals Rosario and San Bernardo
5644,Corals Rosario and San Bernardo
5645,Corals Rosario and San Bernardo
5646,Corals Rosario and San Bernardo
5647,Corals Rosario and San Bernardo
5648,Corals Rosario and San Bernardo
5649,Corals Rosario and San Bernardo
5650,Corals Rosario and San Bernardo
5651,Corals Rosario and San Bernardo
5652,Corals Rosario and San Bernardo
5653,Corals Rosario and San Bernardo
5654,Corals Rosario and San Bernardo
5655,Corals Rosario and San Bernardo
5656,Corals Rosario and San Bernardo
5657,Corals Rosario and San Bernardo
5658,Corals Rosario and San Bernardo
5659,Corals Rosario and San Bernardo
5660,Corals Rosario and San Bernardo
5661,Corals Rosario and San Bernardo
5662,Corals Rosario and San Bernardo
5663,Corals Rosario and San Bernardo
5664,Corals Rosario and San Bernardo
5665,Corals Rosario and San Bernardo
5666,Corals Rosario and San Bernardo
5667,Corals Rosario and San Bernardo
5668,Corals Rosario and San Bernardo
5669,Corals Rosario and San Bernardo
5670,Corals Rosario and San Bernardo
5671,Corals Rosario and San Bernardo
5672,Corals Rosario and San Bernardo
5673,Corals Rosario and San Bernardo
5674,Corals Rosario and San Bernardo
5675,Corals Rosario and San Bernardo
5676,Corals Rosario and San Bernardo
5677,Corals Rosario and San Bernardo
5678,Corals Rosario and San Bernardo
5679,Corals Rosario and San Bernardo
5680,Corals Rosario and San Bernardo
5681,Corals Rosario and San Bernardo
5682,Corals Rosario and San Bernardo
5683,Corals Rosario and San Bernardo
5684,Corals Rosario and San Bernardo
5685,Corals Rosario and San Bernardo
5686,Corals Rosario and San Bernardo
5687,Corals Rosario and San Bernardo
5688,Corals Rosario and San Bernardo
5689,Corals Rosario and San Bernardo
5690,Corals Rosario and San Bernardo
5691,Corals Rosario and San Bernardo
5692,Corals Rosario and San Bernardo
5693,Corals Rosario and San Bernardo
5694,Corals Rosario and San Bernardo
5695,Corals Rosario and San Bernardo
5696,Corals Rosario and San Bernardo
5697,Corals Rosario and San Bernardo
5698,Corals Rosario and San Bernardo
5699,Corals Rosario and San Bernardo
5700,Corals Rosario and San Bernardo
5701,Corals Rosario and San Bernardo
5702,Corals Rosario and San Bernardo
5703,Corals Rosario and San Bernardo
5704,Corals Rosario and San Bernardo
5705,Corals Rosario and San Bernardo
5706,Corals Rosario and San Bernardo
5707,Corals Rosario and San Bernardo
5708,Corals Rosario and San Bernardo
5709,Corals Rosario and San Bernardo
5710,Corals Rosario and San Bernardo
5711,Corals Rosario and San Bernardo
5712,Corals Rosario and San Bernardo
5713,Corals Rosario and San Bernardo
5714,Corals Rosario and San Bernardo
5715,Corals Rosario and San Bernardo
5716,Corals Rosario and San Bernardo
5717,Corals Rosario and San Bernardo
5718,Corals Rosario and San Bernardo
5719,Corals Rosario and San Bernardo
5720,Corals Rosario and San Bernardo
5721,Corals Rosario and San Bernardo
5722,Corals Rosario and San Bernardo
5723,Corals Rosario and San Bernardo
5724,Corals Rosario and San Bernardo
5725,Corals Rosario and San Bernardo
5726,Corals Rosario and San Bernardo
5727,Corals Rosario and San Bernardo
5728,Corals Rosario and San Bernardo
5729,Corals Rosario and San Bernardo
5730,Corals Rosario and San Bernardo
5731,Corals Rosario and San Bernardo
5732,Corals Rosario and San Bernardo
5733,Corals Rosario and San Bernardo
5734,Corals Rosario and San Bernardo
5735,Corals Rosario and San Bernardo
5736,Corals Rosario and San Bernardo
5737,Corals Rosario and San Bernardo
5738,Corals Rosario and San Bernardo
5739,Corals Rosario and San Bernardo
5740,Corals Rosario and San Bernardo
5741,Corals Rosario and San Bernardo
5742,Corals Rosario and San Bernardo
5743,Corals Rosario and San Bernardo
5744,Corals Rosario and San Bernardo
5745,Corals Rosario and San Bernardo
5746,Corals Rosario and San Bernardo
5747,Corals Rosario and San Bernardo
5748,Corals Rosario and San Bernardo
5749,Corals Rosario and San Bernardo
5750,Corals Rosario and San Bernardo
5751,Corals Rosario and San Bernardo
5752,Corals Rosario and San Bernardo
5753,Corals Rosario and San Bernardo
5754,Corals Rosario and San Bernardo
5755,Corals Rosario and San Bernardo
5756,Corals Rosario and San Bernardo
5757,Corals Rosario and San Bernardo
5758,Corals Rosario and San Bernardo
5759,Corals Rosario and San Bernardo
5760,Corals Rosario and San Bernardo
5761,Corals Rosario and San Bernardo
5762,Corals Rosario and San Bernardo
5763,Corals Rosario and San Bernardo
5764,Corals Rosario and San Bernardo
5765,Corals Rosario and San Bernardo
5766,Corals Rosario and San Bernardo
5767,Corals Rosario and San Bernardo
5768,Corals Rosario and San Bernardo
5769,Corals Rosario and San Bernardo
5770,Corals Rosario and San Bernardo
5771,Corals Rosario and San Bernardo
5772,Corals Rosario and San Bernardo
5773,Corals Rosario and San Bernardo
5774,Corals Rosario and San Bernardo
5775,Corals Rosario and San Bernardo
5776,Corals Rosario and San Bernardo
5777,Corals Rosario and San Bernardo
5778,Corals Rosario and San Bernardo
5779,Corals Rosario and San Bernardo
5780,Corals Rosario and San Bernardo
5781,Corals Rosario and San Bernardo
5782,Corals Rosario and San Bernardo
5783,Corals Rosario and San Bernardo
5784,Corals Rosario and San Bernardo
5785,Corals Rosario and San Bernardo
5786,Corals Rosario and San Bernardo
5787,Corals Rosario and San Bernardo
5788,Corals Rosario and San Bernardo
5789,Corals Rosario and San Bernardo
5790,Corals Rosario and San Bernardo
5791,Corals Rosario and San Bernardo
5792,Corals Rosario and San Bernardo
5793,Corals Rosario and San Bernardo
5794,Corals Rosario and San Bernardo
5795,Corals Rosario and San Bernardo
5796,Corals Rosario and San Bernardo
5797,Corals Rosario and San Bernardo
5798,Corals Rosario and San Bernardo
5799,Corals Rosario and San Bernardo
5800,Corals Rosario and San Bernardo
5801,Corals Rosario and San Bernardo
5802,Corals Rosario and San Bernardo
5803,Corals Rosario and San Bernardo
5804,Corals Rosario and San Bernardo
5805,Corals Rosario and San Bernardo
5806,Corals Rosario and San Bernardo
6341,Buccoo
6342,Buccoo
6343,Buccoo
6344,Buccoo
6345,Buccoo
6346,Buccoo
6347,Buccoo
6348,Buccoo
6349,Buccoo
6350,Buccoo
6351,Buccoo
6353,Buccoo
6354,Buccoo
6355,Buccoo
6356,Buccoo
6357,Buccoo
6358,Buccoo
6359,Buccoo
6360,Buccoo
6361,Buccoo
6362,Buccoo
6363,Buccoo
6364,Buccoo
6365,Buccoo
6366,Buccoo
6367,Buccoo
6368,Buccoo
6369,Buccoo
6370,Buccoo
6452,iSimangaliso
6453,iSimangaliso
6454,iSimangaliso
6455,iSimangaliso
6456,iSimangaliso
6457,iSimangaliso
6458,iSimangaliso
6459,iSimangaliso
6460,iSimangaliso
6461,iSimangaliso
6462,iSimangaliso
6463,iSimangaliso
6464,iSimangaliso
6465,iSimangaliso
6466,iSimangaliso
6467,iSimangaliso
6468,iSimangaliso
6469,iSimangaliso
6470,iSimangaliso
6471,iSimangaliso
6472,iSimangaliso
6473,iSimangaliso
6474,iSimangaliso
6475,iSimangaliso
6476,iSimangaliso
6477,iSimangaliso
6478,iSimangaliso
6479,iSimangaliso
6480,iSimangaliso
6481,iSimangaliso
6482,iSimangaliso
6483,iSimangaliso
6484,iSimangaliso
6485,iSimangaliso
6486,iSimangaliso
6487,iSimangaliso
6488,iSimangaliso
6489,iSimangaliso
6490,iSimangaliso
6491,iSimangaliso
6492,iSimangaliso
6493,iSimangaliso
6494,iSimangaliso
6495,iSimangaliso
6496,iSimangaliso
6497,iSimangaliso
6498,iSimangaliso
6499,iSimangaliso
6500,iSimangaliso
6501,iSimangaliso
6502,iSimangaliso
6503,iSimangaliso
6504,iSimangaliso
6505,iSimangaliso
6506,iSimangaliso
6507,iSimangaliso
6508,iSimangaliso
6509,iSimangaliso
6510,iSimangaliso
6511,iSimangaliso
6512,iSimangaliso
6513,iSimangaliso
6514,iSimangaliso
6515,iSimangaliso
6516,iSimangaliso
6517,iSimangaliso
6518,iSimangaliso
6519,iSimangaliso
6520,iSimangaliso
6521,iSimangaliso
6522,iSimangaliso
6523,iSimangaliso
6524,iSimangaliso
6525,iSimangaliso
6526,iSimangaliso
6528,iSimangaliso
6529,iSimangaliso
6530,iSimangaliso
6531,iSimangaliso
6532,iSimangaliso
6533,iSimangaliso
6534,iSimangaliso
6535,iSimangaliso
6536,iSimangaliso
6537,iSimangaliso
6538,iSimangaliso
6539,iSimangaliso
6540,iSimangaliso
6541,iSimangaliso
6542,iSimangaliso
6543,iSimangaliso
6544,iSimangaliso
6545,iSimangaliso
6546,iSimangaliso
6547,iSimangaliso
6548,iSimangaliso
6549,iSimangaliso
6550,iSimangaliso
6551,iSimangaliso
6552,iSimangaliso
6553,iSimangaliso
6554,iSimangaliso
6555,iSimangaliso
6556,iSimangaliso
6557,iSimangaliso
6558,iSimangaliso
6559,iSimangaliso
6560,iSimangaliso
6561,iSimangaliso
6562,iSimangaliso
6563,iSimangaliso
6564,iSimangaliso
6565,iSimangaliso
6566,iSimangaliso
6567,iSimangaliso
6568,iSimangaliso
6569,iSimangaliso
7000,Bazaruto
7001,Bazaruto
7002,Bazaruto
7003,Bazaruto
7004,Bazaruto
7005,Bazaruto
7006,Bazaruto
7007,Bazaruto
7008,Bazaruto
7009,Bazaruto
7010,Bazaruto
7017,Bazaruto
7018,Bazaruto
7019,Bazaruto
7020,Bazaruto
7021,Bazaruto
7022,Bazaruto
7029,Bazaruto
7030,Bazaruto
7031,Bazaruto
7032,Bazaruto
7033,Bazaruto
7034,Bazaruto
7035,Bazaruto
7036,Bazaruto
7037,Bazaruto
7038,Bazaruto
7039,Bazaruto
7040,Bazaruto
7041,Bazaruto
7042,Bazaruto
7043,Bazaruto
7044,Bazaruto
7045,Bazaruto
7046,Bazaruto
7047,Bazaruto
7048,Bazaruto
7049,Bazaruto
7050,Bazaruto
7051,Bazaruto
7052,Bazaruto
7053,Bazaruto
7054,Bazaruto
7055,Bazaruto
7056,Bazaruto
7057,Bazaruto
7059,Bazaruto
7060,Bazaruto
7061,Bazaruto
7062,Bazaruto
7063,Bazaruto
7064,Bazaruto
7065,Bazaruto
7066,Bazaruto
7067,Bazaruto
7068,Bazaruto
7069,Bazaruto
7070,Bazaruto
7071,Bazaruto
7072,Bazaruto
7073,Bazaruto
7074,Bazaruto
7075,Bazaruto
7076,Bazaruto
7149,Bazaruto
7151,Bazaruto
7152,Bazaruto
7153,Bazaruto
7154,Bazaruto
7259,Namena
7260,Namena
7261,Namena
7262,Namena
7263,Namena
7264,Namena
7265,Namena
7266,Namena
7267,Namena
7268,Namena
7269,Namena
7270,Namena
7271,Namena
7272,Namena
7273,Namena
7274,Namena
7275,Namena
7276,Namena
7277,Namena
7278,Namena
7279,Namena
7280,Namena
7281,Namena
7282,Namena
7283,Namena
7284,Namena
7285,Namena
7286,Namena
7287,Namena
7288,Namena
7289,Namena
7290,Namena
7291,Namena
7292,Namena
7293,Namena
7294,Namena
7295,Namena
8746,Namuri
8747,Namuri
8748,Namuri
8749,Namuri
8750,Namuri
8751,Namuri
8752,Namuri
8753,Namuri
8754,Namuri
8755,Namuri
8756,Namuri
8757,Namuri
8758,Nasue
8760,Nasue
8763,Nasue
8764,Nasue
8765,Nasue
8766,Nasue
8767,Nasue
8768,Nasue
8769,Nasue
8770,Nasue
8771,Nasue
8772,Nasue
8773,Nasue
8774,Nasue
8775,Nasue
8776,Nasue
8777,Nasue
8778,Nasue
8779,Nasue
8780,Nasue
8781,Nasue
8782,Nasue
8783,Nasue
8784,Nasue
8785,Nasue
14021,Apo
14022,Apo
14023,Apo
14024,Apo
14025,Apo
14026,Apo
14027,Apo
14028,Apo
14030,Apo
14031,Apo
14032,Apo
14033,Apo
14034,Apo
14035,Apo
14036,Apo
14037,Apo
14038,Apo
14039,Apo
14040,Apo
14041,Apo
14042,Apo
14043,Apo
14044,Apo
14045,Apo
14046,Apo
14048,Apo
14049,Apo
14050,Apo
14051,Apo
14052,Apo
14053,Apo
14054,Apo
14055,Apo
14056,Apo
14057,Apo
14058,Apo
14059,Apo
14060,Apo
14062,Apo
14063,Apo
14064,Apo
14065,Apo
14066,Apo
14067,Apo
14068,Apo
14069,Apo
14070,Apo
14071,Apo
14072,Apo
14073,Apo
14074,Apo
14075,Apo
14076,Apo
14077,Apo
14078,Apo
14079,Apo
14080,Apo
14081,Apo
14083,Apo
14086,Apo
14087,Apo
14088,Apo
14089,Apo
14090,Apo
14091,Apo
14092,Apo
14093,Apo
14094,Apo
14095,Apo
14097,Apo
14099,Apo
14100,Apo
14102,Apo
14103,Apo
14105,Apo
14106,Apo
14107,Apo
14108,Apo
14109,Apo
14110,Apo
14111,Apo
14112,Apo
14113,Apo
14115,Apo
14116,Apo
14117,Apo
14118,Apo
14119,Apo
14120,Apo
14121,Apo
14122,Apo
14298,Tubbataha
14300,Tubbataha
14304,Tubbataha
14306,Tubbataha
14307,Tubbataha
14308,Tubbataha
14309,Tubbataha
14310,Tubbataha
14311,Tubbataha
14312,Tubbataha
14313,Tubbataha
14314,Tubbataha
14315,Tubbataha
14316,Tubbataha
14317,Tubbataha
14318,Tubbataha
14319,Tubbataha
14320,Tubbataha
14321,Tubbataha
14322,Tubbataha
14323,Tubbataha
14324,Tubbataha
14325,Tubbataha
14326,Tubbataha
14327,Tubbataha
14328,Tubbataha
14329,Tubbataha
14330,Tubbataha
14331,Tubbataha
14332,Tubbataha
14333,Tubbataha
14334,Tubbataha
14335,Tubbataha
14337,Tubbataha
14339,Tubbataha
14340,Tubbataha
14341,Tubbataha
14345,Tubbataha
14348,Tubbataha
14349,Tubbataha
14351,Tubbataha
14353,Tubbataha
14354,Tubbataha
14355,Tubbataha
14356,Tubbataha
14357,Tubbataha
14358,Tubbataha
14359,Tubbataha
14360,Tubbataha
14361,Tubbataha
14362,Tubbataha
14363,Tubbataha
14364,Tubbataha
14365,Tubbataha
14366,Tubbataha
14368,Tubbataha
14370,Tubbataha
14371,Tubbataha
14372,Tubbataha
14374,Tubbataha
14375,Tubbataha
14376,Tubbataha
14377,Tubbataha
14378,Tubbataha
14379,Tubbataha
14380,Tubbataha
14381,Tubbataha
14382,Tubbataha
14383,Tubbataha
14384,Tubbataha
14385,Tubbataha
14386,Tubbataha
14387,Tubbataha
14388,Tubbataha
14389,Tubbataha
14390,Tubbataha
14391,Tubbataha
14392,Tubbataha
14393,Tubbataha
14394,Tubbataha
14395,Tubbataha
14396,Tubbataha
14397,Tubbataha
14398,Tubbataha
14399,Tubbataha
14400,Tubbataha
14401,Tubbataha
14402,Tubbataha
14403,Tubbataha
14405,Tubbataha
14407,Tubbataha
14409,Tubbataha
14410,Tubbataha
14412,Tubbataha
14414,Tubbataha
14420,Tubbataha
14422,Tubbataha
14424,Tubbataha
14426,Tubbataha
14428,Tubbataha
14430,Tubbataha
14431,Tubbataha
14435,Tubbataha
14440,Tubbataha
14442,Tubbataha
14445,Tubbataha
14447,Tubbataha
14449,Tubbataha
14451,Tubbataha
14453,Tubbataha
14454,Tubbataha
14455,Tubbataha
14464,Tubbataha
14465,Tubbataha
14466,Tubbataha
14467,Tubbataha
14471,Tubbataha
14473,Tubbataha
14476,Tubbataha
14480,Tubbataha
14481,Tubbataha
14483,Tubbataha
14485,Tubbataha
14486,Tubbataha
14487,Tubbataha
14490,Tubbataha
14492,Tubbataha
14495,Tubbataha
14496,Tubbataha
14499,Tubbataha
14500,Tubbataha
14501,Tubbataha
14503,Tubbataha
14504,Tubbataha
14505,Tubbataha
14506,Tubbataha
14508,Tubbataha
14512,Tubbataha
14513,Tubbataha
14515,Tubbataha
14517,Tubbataha
14523,Tubbataha
14537,Tubbataha
14608,Tubbataha
14616,Tubbataha
14621,Tubbataha
14622,Tubbataha
14623,Tubbataha
16462,Palasar
16463,Palasar
16464,Palasar
16465,Palasar
16466,Palasar
16467,Palasar
16468,Palasar
16469,Palasar
16470,Palasar
16471,Palasar
16472,Palasar
16473,Palasar
16474,Palasar
16475,Palasar
16476,Palasar
16477,Palasar
16478,Palasar
16479,Palasar
16480,Palasar
16481,Palasar
16482,Palasar
16483,Palasar
16484,Palasar
16485,Palasar
16486,Palasar
16487,Palasar
16488,Palasar
16489,Palasar
16490,Palasar
16491,Palasar
16492,Palasar
16493,Palasar
16494,Palasar
16495,Palasar
16496,Palasar
16497,Palasar
16498,Palasar
16499,Palasar
16500,Palasar
16501,Palasar
16613,Nasue
16959,Fernando
16960,Fernando
16961,Fernando
16962,Fernando
16963,Fernando
16964,Fernando
16965,Fernando
16966,Fernando
16967,Fernando
16968,Fernando
16969,Fernando
16970,Fernando
16971,Fernando
16972,Fernando
16974,Fernando
16975,Fernando
16976,Fernando
16977,Fernando
16978,Fernando
16979,Fernando
16980,Fernando
16982,Fernando
16986,Fernando
16987,Fernando
16988,Fernando
16989,Fernando
16990,Fernando
16991,Fernando
16992,Fernando
16993,Fernando
16994,Fernando
16995,Fernando
16998,Fernando
16999,Fernando
17000,Fernando
17001,Fernando
17002,Fernando
17003,Fernando
17004,Fernando
17005,Fernando
17006,Fernando
17007,Fernando
17008,Fernando
17009,Fernando
17010,Fernando
17011,Fernando
17012,Fernando
17013,Fernando
17014,Fernando
17015,Fernando
17016,Fernando
17020,Fernando
17021,Fernando
17023,Fernando
17024,Fernando
17025,Fernando
17026,Fernando
17027,Fernando
17028,Fernando
19246,East Coast
19247,East Coast
19248,East Coast
19249,East Coast
19250,East Coast
19251,East Coast
19252,East Coast
19253,East Coast
19254,East Coast
19255,East Coast
19256,East Coast
19257,East Coast
19258,East Coast
19259,East Coast
19260,East Coast
19261,East Coast
19262,East Coast
19263,East Coast
19264,East Coast
19265,East Coast
19266,East Coast
19267,East Coast
19268,East Coast
19269,East Coast
19270,East Coast
19271,East Coast
19272,East Coast
19273,East Coast
19274,Balls Pyramid
19275,Balls Pyramid
19276,Balls Pyramid
19277,Balls Pyramid
19278,Balls Pyramid
19279,Balls Pyramid
19280,Balls Pyramid
19281,Balls Pyramid
19282,Balls Pyramid
19283,Balls Pyramid
19284,Balls Pyramid
19285,Balls Pyramid
19286,Balls Pyramid
19287,Balls Pyramid
19288,Balls Pyramid
19289,East Coast
19290,East Coast
19291,East Coast
19292,East Coast
19293,East Coast
19294,East Coast
19295,East Coast
19296,East Coast
19297,East Coast
19298,East Coast
19299,East Coast
19300,East Coast
19301,East Coast
19302,East Coast
19303,East Coast
19304,Balls Pyramid
19305,Balls Pyramid
19306,Balls Pyramid
19307,Balls Pyramid
19308,Balls Pyramid
19309,Balls Pyramid
19310,Balls Pyramid
19311,Balls Pyramid
19312,Balls Pyramid
19313,Balls Pyramid
19314,Balls Pyramid
19415,Namuri
19416,Namuri
19417,Namuri
19418,Namuri
19419,Namuri
19420,Namuri
19421,Namuri
19422,Namuri
19423,Namuri
19424,Namuri
19425,Namuri
19426,Namuri
19427,Namuri
19428,Namuri
19429,Nasue
19430,Nasue
19431,Nasue
19432,Nasue
19433,Nasue
19434,Nasue
19435,Nasue
19436,Nasue
19437,Nasue
19438,Nasue
19439,Namuri
19440,Namuri
19441,Namuri
19442,Namuri
19443,Namuri
19482,Namuri
19483,Namuri
19484,Namuri
19485,Namuri
19486,Namuri
19487,Namuri
19488,Namuri
19489,Namuri
19490,Namuri
19491,Namuri
19492,Namuri
19493,Namuri
19494,Namuri
19495,Namuri
19496,Namuri
19497,Namuri
19498,Namuri
19499,Namuri
19500,Namuri
19501,Namuri
19502,Namuri
19503,Namuri
19504,Namuri
19505,Namuri
19506,Namuri
19507,Namuri
19508,Namuri
19509,Nasue
19510,Nasue
19511,Nasue
19512,Nasue
19513,Nasue
19514,Nasue
19515,Nasue
19516,Nasue
19517,Nasue
19518,Nasue
19596,Kisite
19597,Kisite
19602,Kisite
19603,Kisite
19604,Kisite
19605,Kisite
19606,Kisite
19608,Kisite
19609,Kisite
19611,Kisite
19612,Kisite
19614,Kisite
19615,Kisite
19616,Kisite
19617,Kisite
19618,Kisite
19619,Kisite
19620,Kisite
19621,Kisite
19622,Kisite
19623,Kisite
19624,Kisite
19626,Kisite
19627,Kisite
19628,Kisite
19629,Kisite
19630,Kisite
19631,Kisite
19632,Kisite
19633,Kisite
19634,Kisite
19635,Kisite
19637,Kisite
19638,Kisite
19640,Kisite
19641,Kisite
19642,Kisite
19645,Kisite
19646,Kisite
19804,Pigeon Island
19805,Pigeon Island
19806,Pigeon Island
19807,Pigeon Island
19808,Pigeon Island
19809,Pigeon Island
19810,Pigeon Island
19811,Pigeon Island
19812,Pigeon Island
19813,Pigeon Island
19814,Pigeon Island
19815,Pigeon Island
19816,Pigeon Island
19817,Pigeon Island
19818,Pigeon Island
19819,Pigeon Island
19820,Pigeon Island
19821,Pigeon Island
19822,Pigeon Island
19823,Pigeon Island
19824,Pigeon Island
19825,Pigeon Island
19826,Pigeon Island
19827,Pigeon Island
19828,Pigeon Island
19829,Pigeon Island
19830,Pigeon Island
19831,Pigeon Island
19832,Pigeon Island
19833,Pigeon Island
19834,Pigeon Island
19835,Pigeon Island
19836,Pigeon Island
19837,Pigeon Island
19838,Pigeon Island
19839,Pigeon Island
19840,Pigeon Island
19841,Pigeon Island
19842,Pigeon Island
19843,Pigeon Island
19844,Pigeon Island
19845,Pigeon Island
19847,Pigeon Island
19848,Pigeon Island
19849,Pigeon Island
19850,Pigeon Island
19851,Pigeon Island
19852,Pigeon Island
19853,Pigeon Island
19856,Pigeon Island
19857,Pigeon Island
19858,Buccoo
19859,Buccoo
19860,Buccoo
19861,Buccoo
19862,Buccoo
19863,Buccoo
19864,Buccoo
19865,Buccoo
19866,Buccoo
19867,Buccoo
19868,Buccoo
19870,Buccoo
19871,Buccoo
19872,Buccoo
19873,Buccoo
19874,Buccoo
19875,Buccoo
19876,Buccoo
19877,Buccoo
19878,Buccoo
19879,Buccoo
19880,Buccoo
19881,Buccoo
19882,Buccoo
19883,Buccoo
19884,Buccoo
19885,Buccoo
19886,Buccoo
19887,Buccoo
19888,Buccoo
19889,Buccoo
19890,Buccoo
19891,Buccoo
19892,Buccoo
19893,Buccoo
19894,Buccoo
19895,Buccoo
19896,Buccoo
20472,Namuri
20473,Namuri
20474,Namuri
20475,Namuri
20476,Namuri
20477,Namuri
20478,Namuri
20479,Namuri
20480,Namuri
20481,Namuri
20482,Namuri
20483,Namuri
20484,Namuri
20485,Namuri
20486,Namuri
20487,Namuri
20488,Namuri
20489,Namuri
20490,Namuri
20491,Namuri
20492,Namuri
20493,Namuri
20494,Namuri
20495,Namuri
20496,Namuri
20497,Namuri
20498,Namuri
20499,Namuri
20500,Namuri
20501,Namuri
20502,Namuri
20503,Namuri
20504,Namuri
20505,Namuri
20506,Namuri
20507,Namuri
20508,Namuri
20509,Namuri
20510,Namuri
20511,Namuri
20512,Namuri
20513,Namuri
20514,Namuri
20515,Namuri
20516,Namuri
20517,Nasue
20518,Nasue
20519,Nasue
20520,Nasue
20521,Nasue
20522,Nasue
20523,Nasue
20524,Nasue
20525,Nasue
20526,Nasue
20527,Nasue
20528,Nasue
20529,Namuri
20530,Namuri
20531,Namuri
20532,Namuri
20533,Namuri
20534,Namuri
20535,Namuri
20536,Namuri
20537,Namuri
20538,Namuri
20539,Namuri
20540,Namuri
20541,Namuri
20542,Namuri
20543,Namuri
20544,Namuri
20545,Namuri
20546,Namuri
20547,Namuri
20548,Namuri
20549,Namuri
20550,Namuri
20551,Namuri
20552,Namuri
20553,Namena
20554,Namena
20555,Namena
20556,Namena
20557,Namena
20558,Namena
20559,Namena
20560,Namena
20561,Namena
20562,Namena
20563,Namena
20564,Namena
20565,Namena
20566,Namena
20567,Namena
20568,Namena
20569,Namena
20570,Namena
20571,Namena
20572,Namena
20573,Namena
20574,Namena
20575,Namena
20576,Namena
20577,Namena
20578,Namena
20579,Namena
20580,Namena
20581,Namena
20582,Namena
20583,Namena
20584,Namena
20585,Namena
20586,Namena
20587,Namena
20588,Namena
20589,Namena
20590,Namena
20591,Namena
20592,Namena
20593,Namena
20594,Namena
20595,Namena
20596,Namena
20597,Namena
20598,Namena
20599,Namena
20600,Namena
20601,Namena
20602,Namena
20603,Namena
20604,Namena
20605,Namena
20606,Namena
20607,Namena
20608,Namena
20609,Namena
20610,Namena
20611,Namena
20612,Namena
20613,Namena
20614,Namena
20615,Namena
20616,Namena
20617,Namena
20618,Namena
20619,Namena
20620,Namena
20621,Namena
20622,Namena
20623,Namena
20624,Namena
20625,Namena
20626,Namena
20627,Namena
20628,Namena
20629,Namena
20630,Namena
20631,Namena
20632,Namena
20633,Namena
20634,Namena
20635,Namena
20636,Namena
20637,Namena
20638,Namena
20639,Namena
20640,Namena
20641,Namena
20642,Namena
20643,Namena
20644,Namena
20645,Namena
20646,Namena
20945,South Eustatius
20946,South Eustatius
20947,South Eustatius
20948,South Eustatius
20949,South Eustatius
20950,South Eustatius
20951,South Eustatius
20952,South Eustatius
20953,South Eustatius
20954,South Eustatius
20955,South Eustatius
20956,South Eustatius
20957,South Eustatius
20958,South Eustatius
20959,South Eustatius
20960,South Eustatius
20961,South Eustatius
20962,South Eustatius
20963,South Eustatius
20964,North Eustatius
20965,South Eustatius
20966,North Eustatius
20967,North Eustatius
20968,South Eustatius
20969,South Eustatius
20970,South Eustatius
20971,South Eustatius
20972,North Eustatius
20973,South Eustatius
20974,South Eustatius
20975,South Eustatius
20976,South Eustatius
20977,South Eustatius
20978,South Eustatius
20979,South Eustatius
20980,South Eustatius
20981,South Eustatius
20982,South Eustatius
20983,South Eustatius
20984,North Eustatius
20985,North Eustatius
20986,North Eustatius
20987,North Eustatius
20988,North Eustatius
20989,North Eustatius
20990,North Eustatius
20991,North Eustatius
20992,North Eustatius
20993,North Eustatius
20994,South Eustatius
20995,North Eustatius
20996,North Eustatius
20997,North Eustatius
20998,North Eustatius
20999,South Eustatius
21000,South Eustatius
21001,South Eustatius
21002,North Eustatius
21003,North Eustatius
21004,North Eustatius
21005,North Eustatius
21006,North Eustatius
21007,North Eustatius
21008,North Eustatius
21009,North Eustatius
21010,North Eustatius
21011,North Eustatius
21012,North Eustatius
21013,North Eustatius
21014,North Eustatius
21015,North Eustatius
21016,North Eustatius
21017,North Eustatius
21018,South Eustatius
21019,South Eustatius
21020,South Eustatius
21021,South Eustatius
21022,South Eustatius
21023,South Eustatius
21024,South Eustatius
21025,South Eustatius
21026,South Eustatius
21027,South Eustatius
21028,South Eustatius
21029,South Eustatius
21030,South Eustatius
21031,South Eustatius
21032,South Eustatius
21033,South Eustatius
21034,South Eustatius
21035,South Eustatius
21036,South Eustatius
21037,South Eustatius
21038,South Eustatius
21039,South Eustatius
21040,South Eustatius
21041,South Eustatius
21042,South Eustatius
21043,South Eustatius
21044,South Eustatius
21045,South Eustatius
21046,South Eustatius
21047,South Eustatius
21048,South Eustatius
21349,Easter
21350,Easter
21351,Easter
21352,Easter
21353,Easter
21354,Easter
21355,Easter
21356,Easter
21357,Easter
21358,Easter
21359,Easter
21360,Easter
21361,Easter
21362,Easter
21363,Easter
21364,Easter
21365,Easter
21366,Easter
21367,Easter
21368,Easter
21369,Easter
21370,Easter
21371,Easter
21372,Easter
21373,Easter
21374,Easter
21375,Easter
21376,Easter
21377,Easter
21378,Easter
21379,Easter
21380,Easter
21381,Easter
21382,Easter
21383,Easter
21384,Easter
21385,Easter
21386,Easter
21387,Easter
21388,Easter
21389,North
21390,North
21391,North
21392,North
21393,North
21394,North
21395,North
21396,North
21397,North
21398,North
21399,North
21400,North
21401,North
21402,North
21403,North
21404,North
21405,North
21406,North
21407,North
21408,Pelsaert
21409,Pelsaert
21410,Pelsaert
21411,Pelsaert
21412,Pelsaert
21413,Pelsaert
21414,Pelsaert
21415,Pelsaert
21416,Pelsaert
21417,Pelsaert
21418,Pelsaert
21419,Pelsaert
21420,Pelsaert
21421,Pelsaert
21422,Pelsaert
21423,Pelsaert
21424,Pelsaert
21425,Pelsaert
21426,Pelsaert
21427,Pelsaert
21428,Pelsaert
21429,Pelsaert
21430,Pelsaert
21431,Pelsaert
21432,Pelsaert
21433,Pelsaert
21434,Pelsaert
21435,Pelsaert
21436,Pelsaert
21437,Pelsaert
21438,Pelsaert
21439,Pelsaert
21440,Pelsaert
21441,Pelsaert
21442,Pelsaert
21443,Pelsaert
21444,Pelsaert
21445,Pelsaert
21446,Pelsaert
21447,Pelsaert
21448,Wallabi
21449,Wallabi
21450,Wallabi
21451,Wallabi
21452,Wallabi
21453,Wallabi
21454,Wallabi
21455,Wallabi
21456,Wallabi
21457,Wallabi
21458,Wallabi
21459,Wallabi
21460,Wallabi
21461,Wallabi
21462,Wallabi
21463,Wallabi
21464,Wallabi
21465,Wallabi
21466,Wallabi
21467,Wallabi
21468,Wallabi
21469,Wallabi
21470,Wallabi
21471,Wallabi
21472,Wallabi
21473,Wallabi
21474,Wallabi
21475,Wallabi
21476,Wallabi
21477,Wallabi
21478,Wallabi
21479,Wallabi
21480,Wallabi
21481,Wallabi
21482,Wallabi
21483,Wallabi
21484,Wallabi
21485,Wallabi
21486,Wallabi
21537,Tanikely
21538,Tanikely
21539,Tanikely
21540,Tanikely
21541,Tanikely
21542,Tanikely
21543,Tanikely
21544,Tanikely
21545,Tanikely
21546,Tanikely
21547,Tanikely
21548,Tanikely
21549,Tanikely
21550,Tanikely
21551,Tanikely
21552,Tanikely
21553,Tanikely
21554,Tanikely
21555,Tanikely
21556,Tanikely
21557,Tanikely
21558,Tanikely
21559,Tanikely
21560,Tanikely
21561,Tanikely
21562,Tanikely
21563,Tanikely
21564,Tanikely
21565,Tanikely
21566,Tanikely
21567,Tanikely
21568,Tanikely
21569,Tanikely
21570,Tanikely
21571,Tanikely
21572,Tanikely
21573,Tanikely
21574,Tanikely
21575,Tanikely
21576,Tanikely
21577,Tanikely
21578,Tanikely
21579,Tanikely
21580,Tanikely
21581,Tanikely
21582,Tanikely
21583,Tanikely
21584,Tanikely
21585,Tanikely
21586,Tanikely
21687,Tanikely
21688,Tanikely
21689,Tanikely
21690,Tanikely
21691,Tanikely
21692,Tanikely
21693,Tanikely
21694,Tanikely
21695,Tanikely
21696,Tanikely
21697,Tanikely
21698,Tanikely
21699,Tanikely
21702,Tanikely
21704,Tanikely
21705,Tanikely
21708,Tanikely
21709,Tanikely
21710,Tanikely
21711,Tanikely
21712,Tanikely
21713,Tanikely
21714,Tanikely
21715,Tanikely
21716,Tanikely
21717,Tanikely
21718,Tanikely
21719,Tanikely
21720,Tanikely
21721,Tanikely
21723,Tanikely
21724,Tanikely
21725,Tanikely
21726,Tanikely
21727,Tanikely
21729,Tanikely
21730,Tanikely
21731,Tanikely
21732,Tanikely
21733,Tanikely
21735,Tanikely
21736,Tanikely
22028,Pigeon Island
22029,Pigeon Island
22030,Pigeon Island
22031,Pigeon Island
22032,Pigeon Island
22033,Pigeon Island
22034,Pigeon Island
22035,Pigeon Island
22036,Pigeon Island
22037,Pigeon Island
22038,Pigeon Island
22039,Pigeon Island
22040,Pigeon Island
22041,Pigeon Island
22042,Pigeon Island
22043,Pigeon Island
22044,Pigeon Island
22045,Pigeon Island
22046,Pigeon Island
22047,Pigeon Island
22048,Pigeon Island
22049,Pigeon Island
22050,Pigeon Island
22051,Pigeon Island
22052,Pigeon Island
22053,Pigeon Island
22054,Pigeon Island
22055,Pigeon Island
22056,Pigeon Island
22057,Pigeon Island
22058,Pigeon Island
22059,Pigeon Island
22060,Pigeon Island
22061,Pigeon Island
22062,Pigeon Island
22063,Pigeon Island
22064,Pigeon Island
22065,Pigeon Island
22066,Pigeon Island
22067,Pigeon Island
22068,Pigeon Island
22069,Pigeon Island
22070,Pigeon Island
22071,Pigeon Island
22072,Pigeon Island
22073,Pigeon Island
22074,Pigeon Island
22075,Pigeon Island
22076,Pigeon Island
22077,Pigeon Island
22078,Pigeon Island
22079,Pigeon Island
22080,Pigeon Island
22081,Pigeon Island
22812,Sunday Island
22813,Sunday Island
22814,Sunday Island
22815,Sunday Island
22816,Sunday Island
22817,Sunday Island
22818,Sunday Island
22819,Sunday Island
22820,Sunday Island
22821,South Muiron
22822,South Muiron
22823,South Muiron
22824,South Muiron
22825,South Muiron
22826,South Muiron
22827,South Muiron
22828,South Muiron
22829,South Muiron
22830,South Muiron
22831,South Muiron
22832,South Muiron
22833,South Muiron
22834,South Muiron
22835,South Muiron
22836,South Muiron
22837,South Muiron
22838,South Muiron
22839,South Muiron
22840,South Muiron
22841,South Muiron
22842,South Muiron
22843,South Muiron
22844,South Muiron
22845,South Muiron
22846,South Muiron
22847,South Muiron
22848,Bundegi
22849,Bundegi
22850,Bundegi
22851,Bundegi
22852,Bundegi
22853,Bundegi
22854,Bundegi
22855,Bundegi
22856,Bundegi
22857,Bundegi
22858,Bundegi
22859,Bundegi
22860,Bundegi
22861,Bundegi
22862,Bundegi
22863,Bundegi
22864,Lighthouse
22865,Lighthouse
22866,Lighthouse
22867,Lighthouse
22868,Lighthouse
22869,Lighthouse
22870,Lighthouse
22871,Lighthouse
22872,Lighthouse
22873,Lighthouse
22874,Lighthouse
22875,Lighthouse
22876,Lighthouse
22877,Lighthouse
22878,Lighthouse
22879,Lighthouse
22880,Lighthouse
22881,Lighthouse
22882,Lighthouse
22883,Lighthouse
22884,Lighthouse
22885,Lighthouse
22886,Lighthouse
22887,Lighthouse
24155,South Monte
24156,South Monte
24158,South Monte
24159,South Monte
24160,South Monte
24161,South Monte
24162,South Monte
24163,South Monte
24164,South Monte
24165,South Monte
24166,South Monte
24167,South Monte
24168,South Monte
24169,South Monte
24170,South Monte
24171,South Monte
24172,South Monte
24173,South Monte
24174,South Monte
24175,South Monte
24176,South Monte
24177,South Monte
24178,South Monte
24179,South Monte
24180,South Monte
24181,South Monte
24182,South Monte
24183,South Monte
24184,South Monte
24185,South Monte
24186,North Monte
24187,North Monte
24188,North Monte
24189,North Monte
24190,North Monte
24191,North Monte
24192,North Monte
24193,North Monte
24194,North Monte
24195,North Monte
24196,North Monte
24197,North Monte
24198,North Monte
24199,North Monte
24200,North Monte
24201,North Monte
24202,North Monte
24203,North Monte
24204,North Monte
24205,North Monte
24206,North Monte
24207,North Monte
24208,South Monte
24209,South Monte
24210,South Monte
24211,South Monte
24212,South Monte
24213,South Monte
24214,South Monte
24215,South Monte
24216,South Monte
24217,South Monte
24218,South Monte
24219,South Monte
24220,South Monte
24221,South Monte
24222,South Monte
24223,South Monte
24224,South Monte
24225,South Monte
24226,South Monte
24227,South Monte
24229,South Monte
24230,South Monte
24231,South Monte
24232,South Monte
24233,South Monte
24234,South Monte
24236,South Monte
24239,South Monte
24422,Cloates
24423,Cloates
24424,Cloates
24425,Cloates
24426,Cloates
24427,Cloates
24428,Cloates
24429,Cloates
24430,Cloates
24431,Cloates
24432,Cloates
24433,Cloates
24434,Cloates
24435,Cloates
24436,Cloates
24437,Cloates
24438,Cloates
24439,Cloates
24440,Cloates
24441,Cloates
24442,Cloates
24444,Cloates
24445,Cloates
24446,Mandu
24447,Mandu
24448,Mandu
24449,Mandu
24450,Mandu
24451,Osprey
24452,Osprey
24453,Osprey
24455,Osprey
24456,Osprey
24457,Mandu
24458,Mandu
24460,Mandu
24462,Mandu
24463,Mandu
24464,Mandu
24465,Mandu
24466,Mandu
24467,Maud
24468,Maud
24469,Maud
24470,Maud
24471,Maud
24472,Maud
24473,Maud
24474,Maud
24475,Maud
24476,Maud
24477,Maud
24479,Osprey
24480,Osprey
24482,Osprey
24483,Osprey
24484,Osprey
24485,Osprey
24487,Osprey
24488,Maud
24489,Maud
24490,Maud
24491,Maud
24492,Maud
24493,Pelican
24494,Pelican
24495,Pelican
24496,Pelican
24497,Pelican
24498,Pelican
24499,Pelican
24500,Pelican
24501,Pelican
24502,Pelican
24503,Pelican
24504,Pelican
24505,Pelican
24506,Pelican
24507,Pelican
24508,Winderabandi
24509,Winderabandi
24510,Winderabandi
24511,Winderabandi
24512,Winderabandi
24513,Winderabandi
24514,Winderabandi
24515,Winderabandi
24516,Winderabandi
24517,Winderabandi
24518,Winderabandi
24519,Winderabandi
24520,Winderabandi
24521,Winderabandi
24522,Winderabandi
24523,Winderabandi
24524,Winderabandi
24525,Winderabandi
24526,Winderabandi
24527,Winderabandi
24528,Winderabandi
24627,Mandu
24628,Mandu
24629,Mandu
24630,Mandu
24631,Mandu
24632,Osprey
24633,Osprey
24634,Osprey
24636,Osprey
24637,Mandu
24638,Mandu
24640,Mandu
24642,Osprey
24643,Osprey
24644,Osprey
24646,Osprey
24647,Osprey
24649,Osprey
24650,Winderabandi
24651,Winderabandi
24652,Winderabandi
24653,Winderabandi
24654,Winderabandi
24655,Winderabandi
24656,Winderabandi
24657,Winderabandi
24658,Winderabandi
24659,Winderabandi
24660,Cloates
24661,Cloates
24662,Cloates
24663,Cloates
24664,Cloates
24665,Cloates
24666,Cloates
24667,Cloates
24668,Cloates
24669,Cloates
24670,Cloates
24671,Cloates
24672,Cloates
24673,Cloates
24674,Cloates
24676,Cloates
24677,Cloates
24678,Cloates
24679,Cloates
24680,Cloates
24681,Cloates
24682,Cloates
24683,Cloates
24684,Cloates
24685,Cloates
24686,Cloates
24687,Cloates
24688,Cloates
24689,Maud
24690,Maud
24691,Maud
24692,Maud
24693,Maud
24694,Maud
24695,Maud
24696,Maud
24697,Maud
24698,Maud
24699,Maud
24700,Maud
24701,Maud
24702,Maud
24703,Pelican
24704,Pelican
24705,Pelican
24706,Pelican
24707,Pelican
24708,Pelican
24709,Pelican
24710,Pelican
24711,Pelican
24712,Pelican
24713,Pelican
24714,Pelican
24715,Pelican
24716,Pelican
24717,Pelican
24718,Pelican
24719,Maud
24720,Maud
24721,Maud
24722,Maud
24723,Maud
24724,Osprey
24725,Osprey
24726,Osprey
24728,Osprey
24729,Osprey
24730,Mandu
24731,Mandu
24732,Mandu
24733,Mandu
24734,Mandu
25620,Gili Matra
25621,Gili Matra
25622,Gili Matra
25623,Gili Matra
25624,Gili Matra
25625,Gili Matra
25626,Gili Matra
25627,Gili Matra
25628,Gili Matra
25629,Gili Matra
25630,Gili Matra
25631,Gili Matra
25632,Gili Matra
25633,Gili Matra
25634,Gili Matra
25635,Gili Matra
25636,Gili Matra
25637,Gili Matra
25638,Gili Matra
25639,Gili Matra
25640,Gili Matra
25641,Gili Matra
25642,Gili Matra
25643,Gili Matra
25644,Gili Matra
25645,Gili Matra
25646,Gili Matra
25647,Gili Matra
25648,Gili Matra
25649,Gili Matra
25650,Gili Matra
25654,Gili Matra
25656,Gili Matra
25667,Gili Matra
25668,Gili Matra
25669,Gili Matra
25670,Gili Matra
25671,Gili Matra
25674,Gili Matra
25675,Gili Matra
25676,Gili Matra
25677,Gili Matra
25678,Gili Matra
25679,Gili Matra
25680,Gili Matra
25681,Gili Matra
25682,Gili Matra
25683,Gili Matra
25684,Gili Matra
25685,Gili Matra
25686,Gili Matra
25687,Gili Matra
25688,Gili Matra
25689,Gili Matra
25690,Gili Matra
25691,Gili Matra
25692,Gili Matra
25693,Gili Matra
25694,Gili Matra
25695,Gili Matra
25696,Gili Matra
25697,Gili Matra
25698,Gili Matra
25699,Gili Matra
25700,Gili Matra
25701,Gili Matra
25702,Gili Matra
25703,Gili Matra
25704,Gili Matra
25705,Gili Matra
25706,Gili Matra
25707,Gili Matra
25708,Gili Matra
25712,Gili Matra
25713,Gili Matra
25723,Gili Matra
25724,Gili Matra
25725,Gili Matra
25726,Gili Matra
25727,Gili Matra
25728,Gili Matra
25729,Gili Matra
25730,Gili Matra
25731,Gili Matra
25732,Gili Matra
25733,Gili Matra
25734,Gili Matra
25735,Gili Matra
25736,Gili Matra
25737,Gili Matra
25738,Gili Matra
25739,Gili Matra
25740,Gili Matra
25741,Gili Matra
25742,Gili Matra
25743,Gili Matra
25745,Gili Matra
25746,Gili Matra
25747,Gili Matra
25748,Gili Matra
25749,Gili Matra
25750,Gili Matra
25751,Gili Matra
25752,Gili Matra
25753,Gili Matra
25754,Gili Matra
25755,Gili Matra
25756,Gili Matra
25757,Gili Matra
25758,Gili Matra
25759,Gili Matra
25760,Gili Matra
25762,Gili Matra
25768,Gili Matra
25769,Gili Matra
25771,Gili Matra
25772,Gili Matra
25773,Gili Matra
25777,Gili Matra
25778,Gili Matra
25779,Gili Matra
25780,Gili Matra
25781,Gili Matra
25782,Gili Matra
25783,Gili Matra
25784,Gili Matra
25785,Gili Matra
25786,Gili Matra
25787,Gili Matra
25788,Gili Matra
25789,Gili Matra
25790,Gili Matra
25791,Gili Matra
25792,Gili Matra
25793,Gili Matra
25794,Gili Matra
25795,Gili Matra
25796,Gili Matra
25797,Gili Matra
25798,Gili Matra
25799,Gili Matra
25800,Gili Matra
25801,Gili Matra
25802,Gili Matra
25803,Gili Matra
25809,Gili Matra
25811,Gili Matra
25812,Gili Matra
25813,Gili Matra
25816,Gili Matra
25818,Gili Matra
30457,MNP-11-1004
30458,MNP-11-1004
30459,MNP-11-1004
30460,MNP-11-1004
30461,MNP-11-1004
30462,MNP-11-1004
30463,MNP-11-1004
30464,MNP-11-1004
30466,MNP-11-1004
30467,MNP-11-1004
30468,MNP-11-1004
30469,MNP-11-1004
30470,MNP-11-1004
30471,MNP-11-1004
30472,MNP-11-1004
30473,MNP-11-1004
30475,MNP-11-1004
30476,MNP-11-1004
30477,MNP-11-1004
30478,MNP-11-1004
30479,MNP-11-1004
30480,MNP-11-1004
30481,MNP-11-1004
30482,MNP-11-1004
30483,MNP-11-1004
30484,MNP-11-1004
30485,MNP-11-1004
30486,MNP-11-1004
30487,MNP-11-1004
30488,MNP-11-1004
30489,MNP-11-1004
30490,MNP-11-1004
30491,MNP-11-1004
30492,MNP-11-1004
30493,MNP-11-1004
30494,MNP-11-1004
30495,MNP-11-1004
30496,MNP-11-1004
30498,MNP-11-1004
30499,MNP-11-1004
30501,MNP-11-1004
30502,MNP-11-1004
30503,MNP-11-1004
30504,MNP-11-1004
30505,MNP-11-1004
30508,MNP-11-1004
30509,MNP-11-1004
30510,MNP-11-1004
30511,MNP-11-1004
30512,MNP-11-1004
30513,MNP-11-1004
30514,MNP-11-1004
30515,MNP-11-1004
30516,MNP-11-1004
30517,MNP-11-1004
30518,MNP-11-1004
30519,MNP-11-1004
30520,MNP-11-1004
30521,MNP-11-1004
30522,MNP-11-1004
30523,MNP-11-1004
30524,MNP-11-1004
30525,MNP-11-1004
30526,MNP-11-1004
30527,MNP-11-1004
30529,MNP-11-1004
30530,MNP-13-1019
30531,MNP-13-1019
30532,MNP-13-1019
30533,MNP-13-1019
30534,MNP-13-1019
30535,MNP-13-1019
30536,MNP-13-1019
30537,MNP-13-1019
30538,MNP-13-1019
30539,MNP-13-1019
30540,MNP-13-1019
30541,MNP-13-1019
30542,MNP-13-1019
30543,MNP-13-1019
30544,MNP-13-1019
30545,MNP-13-1019
30546,MNP-13-1019
30547,MNP-13-1019
30548,MNP-13-1019
30549,MNP-13-1019
30550,MNP-13-1019
30551,MNP-13-1019
30552,MNP-13-1019
30553,MNP-13-1019
30554,MNP-13-1019
30555,MNP-13-1019
30556,MNP-13-1019
30557,MNP-13-1019
30558,MNP-13-1019
30559,MNP-13-1019
30560,MNP-13-1019
30561,MNP-13-1019
30562,MNP-13-1019
30563,MNP-13-1019
30564,MNP-13-1019
30565,MNP-13-1019
30566,MNP-13-1019
30567,MNP-13-1019
30568,MNP-13-1019
30569,MNP-13-1019
30570,MNP-13-1019
30571,MNP-13-1019
30572,MNP-13-1019
30573,MNP-13-1019
30574,MNP-13-1019
30575,MNP-13-1019
30576,MNP-13-1019
30577,MNP-13-1019
30578,MNP-13-1019
30579,MNP-13-1019
30585,MNP-13-1019
30586,MNP-13-1019
30587,MNP-13-1019
30588,MNP-13-1019
30589,MNP-13-1019
30590,MNP-13-1019
30591,MNP-13-1019
30592,MNP-13-1019
30593,MNP-13-1019
30594,MNP-13-1019
30595,MNP-13-1019
30596,MNP-13-1019
30597,MNP-13-1019
30598,MNP-13-1019
30599,MNP-13-1019
30600,MNP-13-1019
30601,MNP-13-1019
30602,MNP-13-1019
30603,MNP-13-1019
30604,MNP-13-1019
30605,MNP-13-1019
30606,MNP-13-1019
30607,MNP-13-1019
30608,MNP-13-1019
30609,MNP-13-1019
30610,MNP-13-1019
30611,MNP-13-1019
30612,MNP-13-1019
30613,MNP-13-1019
30614,MNP-13-1019
30615,MNP-13-1019
30616,MNP-13-1019
30617,MNP-13-1019
30618,MNP-13-1019
30619,MNP-13-1019
30620,MNP-13-1019
30621,MNP-13-1019
30622,MNP-13-1019
30623,MNP-13-1019
30624,MNP-13-1019
30625,MNP-13-1019
30626,MNP-13-1019
30627,MNP-13-1019
30628,MNP-13-1019
30629,MNP-13-1019
30630,MNP-13-1019
30631,MNP-13-1019
30632,MNP-13-1019
30633,MNP-13-1019
30634,MNP-13-1019
30635,MNP-13-1019
30715,MNP-18-1084
30716,MNP-18-1084
30717,MNP-18-1084
30718,MNP-18-1084
30719,MNP-18-1084
30720,MNP-18-1084
30721,MNP-18-1084
30722,MNP-18-1084
30723,MNP-18-1084
30724,MNP-18-1084
30725,MNP-18-1084
30726,MNP-18-1084
30727,MNP-18-1084
30728,MNP-18-1084
30729,MNP-18-1084
30730,MNP-18-1084
30731,MNP-18-1084
30732,MNP-18-1084
30733,MNP-18-1084
30734,MNP-18-1084
30735,MNP-18-1084
30737,MNP-18-1084
30738,MNP-18-1084
30739,MNP-18-1084
30740,MNP-18-1084
30741,MNP-18-1084
30742,MNP-18-1084
30743,MNP-18-1084
30744,MNP-18-1084
30745,MNP-18-1084
30746,MNP-18-1084
30747,MNP-18-1084
30748,MNP-18-1084
30749,MNP-18-1084
30750,MNP-18-1084
30751,MNP-18-1084
30752,MNP-18-1084
30753,MNP-18-1084
30754,MNP-18-1084
30755,MNP-18-1084
30756,MNP-18-1084
30757,MNP-18-1084
30758,MNP-18-1084
30759,MNP-18-1084
30760,MNP-18-1084
30761,MNP-18-1084
30762,MNP-18-1084
30763,MNP-18-1084
30764,MNP-18-1084
30765,MNP-18-1084
30766,MNP-18-1084
30767,MNP-18-1081
30768,MNP-18-1081
30769,MNP-18-1081
30770,MNP-18-1081
30771,MNP-18-1081
30772,MNP-18-1081
30773,MNP-18-1081
30774,MNP-18-1081
30775,MNP-18-1081
30777,MNP-18-1081
30779,MNP-18-1081
30780,MNP-18-1081
30781,MNP-18-1081
30782,MNP-18-1081
30784,MNP-18-1081
30786,MNP-18-1081
30787,MNP-18-1081
30788,MNP-18-1081
30789,MNP-18-1081
30790,MNP-18-1081
30791,MNP-18-1081
30792,MNP-18-1081
30793,MNP-18-1081
30794,MNP-18-1081
30795,MNP-18-1081
30796,MNP-18-1081
30797,MNP-18-1081
30798,MNP-18-1081
30799,MNP-18-1081
30800,MNP-18-1081
30801,MNP-18-1081
30802,MNP-18-1081
30803,MNP-18-1081
30804,MNP-18-1081
30805,MNP-18-1081
30806,MNP-18-1081
30807,MNP-18-1081
30808,MNP-18-1081
30809,MNP-18-1081
30810,MNP-18-1081
30811,MNP-18-1081
30812,MNP-18-1081
30813,MNP-18-1081
30814,MNP-18-1081
30816,MNP-18-1081
30817,MNP-18-1081
30818,MNP-18-1081
30819,MNP-18-1081
30820,MNP-18-1081
30821,MNP-18-1081
30822,MNP-18-1081
30823,MNP-18-1081
30824,MNP-18-1081
30825,MNP-18-1081
30826,MNP-18-1081
30827,MNP-18-1081
30828,MNP-18-1081
30829,MNP-18-1081
30830,MNP-18-1081
30831,MNP-18-1081
30832,MNP-18-1081
30833,MNP-18-1081
30834,MNP-18-1081
30835,MNP-18-1081
30836,MNP-18-1081
30837,MNP-18-1081
30838,MNP-18-1081
30839,MNP-18-1081
30840,MNP-18-1081
30841,MNP-18-1081
30842,MNP-18-1081
30843,MNP-18-1081
30844,MNP-18-1081
30845,MNP-18-1081
30846,MNP-18-1081
30847,MNP-18-1081
30848,MNP-18-1081
30849,MNP-18-1081
30850,MNP-18-1081
30851,MNP-18-1081
30852,MNP-18-1081
30853,MNP-18-1081
30854,MNP-18-1081
30855,MNP-18-1081
30856,MNP-18-1081
30857,MNP-18-1081
30858,MNP-18-1081
30859,MNP-18-1081
30860,MNP-18-1081
30861,MNP-18-1081
30862,MNP-18-1081
30863,MNP-18-1081
30864,MNP-18-1081
30865,MNP-18-1081
30866,MNP-18-1081
30912,Petit Terre
30913,Petit Terre
30914,Petit Terre
30915,Petit Terre
30916,Petit Terre
30917,Petit Terre
30918,Petit Terre
30919,Petit Terre
30920,Petit Terre
30921,Petit Terre
30922,Petit Terre
30923,Petit Terre
30924,Petit Terre
30925,Petit Terre
30926,Petit Terre
30927,Petit Terre
30928,Petit Terre
30929,Petit Terre
30930,Petit Terre
30931,Petit Terre
30932,Petit Terre
30934,Petit Terre
30935,Petit Terre
30936,Petit Terre
30937,Petit Terre
30938,Petit Terre
30939,Petit Terre
30940,Petit Terre
30941,Petit Terre
30942,Petit Terre
30943,Petit Terre
30944,Petit Terre
30945,Petit Terre
30946,Petit Terre
30947,Petit Terre
30948,Petit Terre
30949,Petit Terre
30950,Petit Terre
30951,Petit Terre
30960,Petit Terre
30961,Petit Terre
30991,Petit Terre
30992,Petit Terre
30993,Petit Terre
30994,Petit Terre
30995,Petit Terre
30996,Petit Terre
30997,Petit Terre
30998,Petit Terre
30999,Petit Terre
31000,Petit Terre
31001,Petit Terre
31002,Petit Terre
31003,Petit Terre
31004,Petit Terre
31005,Petit Terre
31006,Petit Terre
31007,Petit Terre
31008,Petit Terre
31009,Petit Terre
31010,Petit Terre
31011,Petit Terre
31012,Petit Terre
31013,Petit Terre
31014,Petit Terre
31015,Petit Terre
31016,Petit Terre
31017,Petit Terre
31018,Petit Terre
31019,Petit Terre
31020,Petit Terre
31022,Petit Terre
31023,Petit Terre
31024,Petit Terre
31025,Petit Terre
31026,Petit Terre
31027,Petit Terre
31028,Petit Terre
31029,Petit Terre
31030,Petit Terre
31031,Petit Terre
31032,Petit Terre
31033,Petit Terre
31034,Petit Terre
31035,Petit Terre
31036,Petit Terre
31037,Petit Terre
31038,Petit Terre
31039,Petit Terre
31495,Palasar
31496,Palasar
31497,Palasar
31498,Palasar
31499,Palasar
31500,Palasar
31501,Palasar
31502,Palasar
31503,Palasar
31504,Palasar
31505,Palasar
31506,Palasar
31507,Palasar
31508,Palasar
31509,Palasar
31510,Palasar
31511,Palasar
31512,Palasar
31513,Palasar
31514,Palasar
31515,Palasar
31516,Palasar
31517,Palasar
31518,Palasar
31519,Palasar
31520,Palasar
31521,Palasar
31522,Palasar
31523,Palasar
31524,Palasar
31525,Palasar
31526,Palasar
31527,Palasar
31528,Palasar
31529,Palasar
31530,Palasar
31531,Palasar
31532,Palasar
31533,Palasar
31534,Palasar
32026,Caye Caulker
32027,Caye Caulker
32028,Caye Caulker
32029,Caye Caulker
32030,Caye Caulker
32031,Caye Caulker
32032,Caye Caulker
32033,Caye Caulker
32034,Caye Caulker
32035,Caye Caulker
32036,Caye Caulker
32037,Caye Caulker
32038,Caye Caulker
32039,Caye Caulker
32040,Caye Caulker
32041,Caye Caulker
32042,Caye Caulker
32043,Caye Caulker
32044,Caye Caulker
32045,Caye Caulker
32046,Caye Caulker
32047,Caye Caulker
32048,Caye Caulker
32049,Caye Caulker
32050,Caye Caulker
32051,Caye Caulker
32052,Caye Caulker
32053,Caye Caulker
32054,Caye Caulker
32055,Caye Caulker
32056,Caye Caulker
32057,Caye Caulker
32058,Caye Caulker
32059,Caye Caulker
32060,Caye Caulker
32061,Caye Caulker
32062,Caye Caulker
32063,Caye Caulker
32064,Caye Caulker
32065,Caye Caulker
32066,Caye Caulker
32067,Caye Caulker
32068,Caye Caulker
32069,Caye Caulker
32070,Caye Caulker
32071,Caye Caulker
32072,Caye Caulker
32073,Caye Caulker
32074,Caye Caulker
32075,Caye Caulker
32076,Caye Caulker
32077,Caye Caulker
32078,Caye Caulker
32079,Caye Caulker
32080,Caye Caulker
32081,Caye Caulker
32082,Caye Caulker
32083,Caye Caulker
32084,Caye Caulker
32085,Caye Caulker
32086,Caye Caulker
32087,Caye Caulker
32088,Caye Caulker
32089,Caye Caulker
32090,Caye Caulker
32091,Caye Caulker
32092,Caye Caulker
32093,Caye Caulker
32094,Caye Caulker
32095,Caye Caulker
32096,Caye Caulker
32097,Caye Caulker
32098,Caye Caulker
32099,Caye Caulker
32100,Caye Caulker
32101,Caye Caulker
32102,Caye Caulker
32103,Caye Caulker
32104,Caye Caulker
32105,Caye Caulker
32106,Caye Caulker
32107,Glover's Reef
32108,Glover's Reef
32109,Glover's Reef
32110,Glover's Reef
32111,Glover's Reef
32112,Glover's Reef
32113,Glover's Reef
32114,Glover's Reef
32115,Glover's Reef
32116,Glover's Reef
32117,Glover's Reef
32118,Glover's Reef
32119,Glover's Reef
32120,Glover's Reef
32121,Glover's Reef
32122,Glover's Reef
32123,Glover's Reef
32124,Glover's Reef
32125,Glover's Reef
32126,Glover's Reef
32127,Glover's Reef
32128,Glover's Reef
32129,Glover's Reef
32130,Glover's Reef
32131,Glover's Reef
32132,Glover's Reef
32133,Glover's Reef
32134,Glover's Reef
32135,Glover's Reef
32136,Glover's Reef
32137,Glover's Reef
32138,Glover's Reef
32139,Glover's Reef
32140,Glover's Reef
32141,Glover's Reef
32142,Glover's Reef
32143,Glover's Reef
32144,Glover's Reef
32145,Glover's Reef
32146,Glover's Reef
32147,Caye Caulker
32148,Caye Caulker
32149,Caye Caulker
32150,Caye Caulker
32151,Caye Caulker
32152,Caye Caulker
32153,Caye Caulker
32154,Caye Caulker
32155,Caye Caulker
32156,Caye Caulker
32157,Caye Caulker
32158,Caye Caulker
32159,Caye Caulker
32160,Caye Caulker
32161,Caye Caulker
32162,Caye Caulker
32163,Caye Caulker
32164,Caye Caulker
32165,Caye Caulker
32166,Caye Caulker
32167,Caye Caulker
32168,Caye Caulker
32169,Caye Caulker
32170,Caye Caulker
32171,Caye Caulker
32172,Caye Caulker
32173,Caye Caulker
32174,Caye Caulker
32175,Caye Caulker
32176,Caye Caulker
32177,Caye Caulker
32178,Caye Caulker
32179,Caye Caulker
32180,Caye Caulker
32181,Caye Caulker
32182,Caye Caulker
32183,Caye Caulker
32184,Caye Caulker
32185,Caye Caulker
32186,Caye Caulker
33369,Glover's Reef
33370,Glover's Reef
33371,Glover's Reef
33372,Glover's Reef
33373,Glover's Reef
33374,Glover's Reef
33375,Glover's Reef
33376,Glover's Reef
33377,Glover's Reef
33378,Glover's Reef
33379,Glover's Reef
33380,Glover's Reef
33381,Glover's Reef
33382,Glover's Reef
33383,Glover's Reef
33384,Glover's Reef
33385,Glover's Reef
33386,Glover's Reef
33387,Glover's Reef
33388,Glover's Reef
33389,Glover's Reef
33390,Glover's Reef
33391,Glover's Reef
33392,Glover's Reef
33393,Glover's Reef
33394,Glover's Reef
33395,Glover's Reef
33396,Glover's Reef
33397,Glover's Reef
33399,Glover's Reef
33400,Glover's Reef
33401,Glover's Reef
33402,Glover's Reef
33403,Glover's Reef
33405,Caye Caulker
33406,Caye Caulker
33407,Caye Caulker
33408,Caye Caulker
33409,Caye Caulker
33410,Caye Caulker
33411,Caye Caulker
33412,Caye Caulker
33413,Caye Caulker
33414,Caye Caulker
33415,Caye Caulker
33416,Caye Caulker
33417,Caye Caulker
33418,Caye Caulker
33419,Caye Caulker
33420,Caye Caulker
33421,Caye Caulker
33422,Caye Caulker
33423,Caye Caulker
33424,Caye Caulker
33425,Caye Caulker
33426,Caye Caulker
33428,Caye Caulker
33429,Caye Caulker
33430,Caye Caulker
33431,Caye Caulker
33432,Caye Caulker
33433,Caye Caulker
33434,Caye Caulker
33435,Caye Caulker
33436,Caye Caulker
33437,Caye Caulker
33438,Caye Caulker
33439,Caye Caulker
33440,Caye Caulker
33441,Caye Caulker
33442,Caye Caulker
33443,Caye Caulker
33444,Caye Caulker
33445,Caye Caulker
33446,Glover's Reef
34798,SR-18-2007
34799,SR-18-2007
34800,SR-18-2007
34801,SR-18-2007
34802,SR-18-2007
34803,SR-18-2007
34804,SR-18-2007
34805,SR-18-2007
34806,SR-18-2007
34807,SR-18-2007
34808,SR-18-2007
34809,SR-18-2007
34810,SR-18-2007
34811,SR-18-2007
34812,SR-18-2007
34813,SR-18-2007
34814,SR-18-2007
34815,SR-18-2007
34816,SR-18-2007
34817,SR-18-2007
34818,SR-18-2007
34819,SR-18-2007
34820,SR-18-2007
34821,SR-18-2007
34822,SR-18-2007
34823,SR-18-2007
34825,SR-18-2007
34826,SR-18-2007
34827,SR-18-2007
34828,MNP-23-1164
34829,MNP-23-1164
34830,MNP-23-1164
34831,MNP-23-1164
34832,MNP-23-1164
34833,MNP-23-1164
34834,MNP-23-1164
34835,MNP-23-1164
34836,MNP-23-1164
34837,MNP-23-1164
34838,MNP-23-1164
34839,MNP-23-1164
34841,MNP-23-1164
34843,MNP-23-1164
34844,MNP-23-1164
34845,MNP-23-1164
34848,MNP-23-1164
34849,MNP-23-1164
34851,MNP-23-1164
34852,MNP-23-1164
34853,MNP-23-1164
34854,MNP-23-1164
34855,MNP-23-1164
34856,MNP-23-1164
34857,MNP-23-1164
34858,MNP-23-1164
34859,MNP-23-1164
34860,MNP-23-1164
34861,MNP-23-1164
34862,MNP-23-1164
34863,MNP-23-1164
34864,MNP-23-1164
34865,MNP-23-1164
34866,MNP-23-1164
34867,MNP-23-1164
34868,MNP-23-1164
34869,MNP-23-1164
34870,MNP-23-1164
34871,MNP-23-1164
34872,MNP-23-1164
34873,MNP-23-1164
34874,MNP-23-1164
34875,MNP-23-1164
34876,MNP-23-1164
34877,MNP-23-1164
34878,MNP-23-1164
34879,MNP-23-1164
34880,MNP-23-1164
34881,MNP-23-1164
34882,MNP-23-1164
34883,MNP-23-1164
34884,MNP-23-1164
34885,MNP-23-1164
34886,MNP-23-1164
34887,MNP-23-1164
34888,MNP-23-1164
34889,MNP-23-1164
34890,MNP-23-1164
34891,MNP-23-1164
34892,MNP-23-1164
34893,MNP-23-1164
34894,MNP-23-1164
34896,MNP-23-1164
34897,MNP-23-1164
34898,MNP-23-1164
34899,MNP-23-1164
35944,Exuma Cays
35945,Exuma Cays
35946,Exuma Cays
35947,Exuma Cays
35948,Exuma Cays
35949,Exuma Cays
35950,Exuma Cays
35951,Exuma Cays
35952,Exuma Cays
35954,Exuma Cays
35956,Exuma Cays
35957,Exuma Cays
35958,Exuma Cays
35959,Exuma Cays
35960,Exuma Cays
35961,Exuma Cays
35962,Exuma Cays
35963,Exuma Cays
35964,Exuma Cays
35965,Exuma Cays
35966,Exuma Cays
35967,Exuma Cays
45,Ashmore
46,Ashmore
47,Ashmore
48,Ashmore
49,Ashmore
357,Ashmore
358,Ashmore
1260,Ashmore
1261,Ashmore
1262,Ashmore
1263,Ashmore
1264,Ashmore
1265,Ashmore
1266,Ashmore
1267,Ashmore
1268,Ashmore
1270,Ashmore
1271,Ashmore
1272,Ashmore
1273,Ashmore
1274,Ashmore
1275,Ashmore
1276,Ashmore
1277,Ashmore
1278,Ashmore
1279,Ashmore
1280,Ashmore
1281,Ashmore
1282,Ashmore
1283,Ashmore
1285,Ashmore
1286,Ashmore
1288,Ashmore
1289,Ashmore
1290,Ashmore
1291,Ashmore
1292,Ashmore
1293,Ashmore
1294,Ashmore
1297,Ashmore
1298,Ashmore
1300,Ashmore
1301,Ashmore
1302,Ashmore
1303,Ashmore
1304,Ashmore
1305,Ashmore
1306,Ashmore
1307,Ashmore
1308,Ashmore
1309,Ashmore
1310,Ashmore
1311,Ashmore
1312,Ashmore
1313,Ashmore
1314,Ashmore
1315,Ashmore
1316,Ashmore
1317,Ashmore
1318,Ashmore
1319,Ashmore
1320,Ashmore
1321,Ashmore
1322,Ashmore
1323,Ashmore
1324,Ashmore
1325,Ashmore
1327,Ashmore
1328,Ashmore
1329,Ashmore
1331,Ashmore
1332,Ashmore
1333,Ashmore
1334,Ashmore
1335,Ashmore
1336,Ashmore
1337,Ashmore
1338,Ashmore
1339,Ashmore
1343,Ashmore
1344,Ashmore
1345,Ashmore
1346,Ashmore
1348,Ashmore
1349,Ashmore
1350,Ashmore
1351,Ashmore
1352,Ashmore
1353,Ashmore
1354,Ashmore
1355,Ashmore
1356,Ashmore
1357,Ashmore
1359,Ashmore
1360,Ashmore
1361,Ashmore
1363,Ashmore
6735,Ashmore
6736,Ashmore
6737,Ashmore
6738,Ashmore
6739,Ashmore
6740,Ashmore
6741,Ashmore
6742,Ashmore
6743,Ashmore
6744,Ashmore
6745,Ashmore
6746,Ashmore
6747,Ashmore
6748,Ashmore
6750,Ashmore
6751,Ashmore
6752,Ashmore
6753,Ashmore
6754,Ashmore
6755,Ashmore
6756,Ashmore
6757,Ashmore
6758,Ashmore
6759,Ashmore
6760,Ashmore
6761,Ashmore
6762,Ashmore
6763,Ashmore
6764,Ashmore
6765,Ashmore
6766,Ashmore
6767,Ashmore
6768,Ashmore
6769,Ashmore
6770,Ashmore
6771,Ashmore
6772,Ashmore
6773,Ashmore
6774,Ashmore
6775,Ashmore
6776,Ashmore
6777,Ashmore
6778,Ashmore
6779,Ashmore
6780,Ashmore
6781,Ashmore
6782,Ashmore
6783,Ashmore
6784,Ashmore
6785,Ashmore
6786,Ashmore
6787,Ashmore
6788,Ashmore
6789,Ashmore
6790,Ashmore
6791,Ashmore
6792,Ashmore
6793,Ashmore
6794,Ashmore
6795,Ashmore
6796,Ashmore
6797,Ashmore
6798,Ashmore
6799,Ashmore
6800,Ashmore
6801,Ashmore
6802,Ashmore
6803,Ashmore
6804,Ashmore
6805,Ashmore
6806,Ashmore
6807,Ashmore
6808,Ashmore
6809,Ashmore
6810,Ashmore
6811,Ashmore
6812,Ashmore
6813,Ashmore
6814,Ashmore
6815,Ashmore
6816,Ashmore
6817,Ashmore
6818,Ashmore
6820,Ashmore
6821,Ashmore
6822,Ashmore
6823,Ashmore
6824,Ashmore
6825,Ashmore
6826,Ashmore
6827,Ashmore
6828,Ashmore
6829,Ashmore
6830,Ashmore
6831,Ashmore
6832,Ashmore
6833,Ashmore
6834,Ashmore
20647,Saba
20648,Saba
20649,Saba
20650,Saba
20651,Saba
20652,Saba
20653,Saba
20654,Saba
20655,Saba
20656,Saba
20657,Saba
20658,Saba
20659,Saba
20660,Saba
20661,Saba
20662,Saba
20663,Saba
20664,Saba
20665,Saba
20666,Saba
20667,Saba
20668,Saba
20669,Saba
20670,Saba
20671,Saba
20672,Saba
20673,Saba
20674,Saba
20675,Saba
20676,Saba
20677,Saba
20678,Saba
20679,Saba
20680,Saba
20681,Saba
20682,Saba
20683,Saba
20684,Saba
20685,Saba
20686,Saba
20687,Saba
20688,Saba
20689,Saba
20739,Saba
20740,Saba
20741,Saba
20742,Saba
20743,Saba
20744,Saba
20745,Saba
20746,Saba
20747,Saba
20748,Saba
20749,Saba
20750,Saba
20751,Saba
20752,Saba
20753,Saba
20754,Saba
20755,Saba
20756,Saba
20757,Saba
20758,Saba
20759,Saba
20760,Saba
20761,Saba
20762,Saba
20763,Saba
20764,Saba
20765,Saba
20766,Saba
20767,Saba
20768,Saba
20769,Saba
20770,Saba
20771,Saba
20772,Saba
20773,Saba
20774,Saba
20775,Saba
20776,Saba
20777,Saba
20778,Saba
20779,Saba
20780,Saba
20781,Saba
20782,Saba
20783,Saba
20784,Saba
20785,Saba
20786,Saba
20787,Saba
21163,St Maarten French
21165,St Maarten French
21166,St Maarten French
21168,St Maarten French
21169,St Maarten French
21170,St Maarten French
21171,St Maarten French
21172,St Maarten French
21173,St Maarten French
21174,St Maarten French
21175,St Maarten French
21176,St Maarten French
21177,St Maarten French
21178,St Maarten French
21179,St Maarten French
21180,St Maarten French
21181,St Maarten French
21182,St Maarten French
21183,St Maarten French
21184,St Maarten French
21185,St Maarten French
21186,St Maarten French
21187,St Maarten French
21188,St Maarten French
21189,St Maarten French
21190,St Maarten French
21191,St Maarten French
21192,St Maarten French
21193,St Maarten French
21194,St Maarten French
21195,St Maarten French
21196,St Maarten French
21197,St Maarten French
21198,St Maarten French
21199,St Maarten French
21200,St Maarten French
21201,St Maarten French
21202,St Maarten French
21203,St Maarten French
21204,St Maarten French
21205,St Maarten French
21206,St Maarten French
21207,St Maarten French
21208,St Maarten French
21209,St Maarten French
21210,St Maarten French
21258,St Maarten French
21260,St Maarten French
21261,St Maarten French
21262,St Maarten French
21265,St Maarten French
21266,St Maarten French
21267,St Maarten French
21268,St Maarten French
21270,St Maarten French
21271,St Maarten French
21273,St Maarten French
21274,St Maarten French
21275,St Maarten French
21276,St Maarten French
21277,St Maarten French
21278,St Maarten French
21279,St Maarten French
21280,St Maarten French
21281,St Maarten French
21282,St Maarten French
21283,St Maarten French
21284,St Maarten French
21285,St Maarten French
21286,St Maarten French
21287,St Maarten French
21289,St Maarten French
21290,St Maarten French
21291,St Maarten French
21292,St Maarten French
21293,St Maarten French
21294,St Maarten French
21296,St Maarten French
21297,St Maarten French
21298,St Maarten French
21299,St Maarten French
21300,St Maarten French
21301,St Maarten French
21302,St Maarten French
21303,St Maarten French
17620,Hawaii
17621,Hawaii
17622,Hawaii
17623,Hawaii
17624,Hawaii
17625,Hawaii
17626,Hawaii
17627,Hawaii
17628,Hawaii
17629,Hawaii
17630,Hawaii
17631,Hawaii
17632,Hawaii
17633,Hawaii
17634,Hawaii
17635,Hawaii
17636,Hawaii
17637,Hawaii
17638,Hawaii
17639,Hawaii
17640,Hawaii
17641,Hawaii
17642,Hawaii
17643,Hawaii
17644,Hawaii
17645,Hawaii
17646,Hawaii
17647,Hawaii
17648,Hawaii
17649,Hawaii
17650,Hawaii
17651,Hawaii
17652,Hawaii
17653,Hawaii
17654,Hawaii
17655,Hawaii
17656,Hawaii
17657,Hawaii
17658,Hawaii
17660,Hawaii
17661,Hawaii
17662,Hawaii
17663,Hawaii
17664,Hawaii
17665,Hawaii
17666,Hawaii
17667,Hawaii
17668,Hawaii
17669,Hawaii
17670,Hawaii
17671,Hawaii
17672,Hawaii
17673,Hawaii
17674,Hawaii
17675,Hawaii
17676,Hawaii
17677,Hawaii
17678,Hawaii
17679,Hawaii
17680,Hawaii
17681,Hawaii
17682,Hawaii
17683,Hawaii
17684,Hawaii
17685,Hawaii
17686,Hawaii
17687,Hawaii
17688,Hawaii
17689,Hawaii
17690,Hawaii
17691,Hawaii
18572,Hawaii
18573,Hawaii
18574,Hawaii
18576,Hawaii
18577,Hawaii
18578,Hawaii
18579,Hawaii
18580,Hawaii
18582,Hawaii
18583,Hawaii
18584,Hawaii
18585,Hawaii
18586,Hawaii
18587,Hawaii
18588,Hawaii
18589,Hawaii
18590,Hawaii
18591,Hawaii
18592,Hawaii
18593,Hawaii
18594,Hawaii
18595,Hawaii
18596,Hawaii
18597,Hawaii
18598,Hawaii
18599,Hawaii
18600,Hawaii
18602,Hawaii
18603,Hawaii
18604,Hawaii
18605,Hawaii
18606,Hawaii
18607,Hawaii
18608,Hawaii
18609,Hawaii
18610,Hawaii
18611,Hawaii
18612,Hawaii
18613,Hawaii
18614,Hawaii
18615,Hawaii
18616,Hawaii
18617,Hawaii
18618,Hawaii
18619,Hawaii
18620,Hawaii
18621,Hawaii
18622,Hawaii
18624,Hawaii
18625,Hawaii
18626,Hawaii
18627,Hawaii
18628,Hawaii
18629,Hawaii
18630,Hawaii
18631,Hawaii
18632,Hawaii
18635,Hawaii
18636,Hawaii
18637,Hawaii
18638,Hawaii
18639,Hawaii
18640,Hawaii
18641,Hawaii
18642,Hawaii
18643,Hawaii
18644,Hawaii
18646,Hawaii
18647,Hawaii
18648,Hawaii
18650,Hawaii
18651,Hawaii
18652,Hawaii
18653,Hawaii
18655,Hawaii
18656,Hawaii
18657,Hawaii
18658,Hawaii
18659,Hawaii
18660,Hawaii
18661,Hawaii
18662,Hawaii
18663,Hawaii
18664,Hawaii
18665,Hawaii
18666,Hawaii
18667,Hawaii
18668,Hawaii
18669,Hawaii
225,Conception
226,Conception
227,Conception
229,Conception
231,Conception
233,Conception
234,Conception
236,Conception
239,Conception
240,Conception
241,Conception
242,Conception
244,Conception
247,Conception
248,Conception
250,Conception
251,Conception
252,Conception
253,Conception
254,Conception
255,Conception
256,Conception
257,Conception
258,Conception
259,Conception
260,Conception
261,Conception
262,Conception
263,Conception
264,Conception
265,Conception
2,Conception
3,Conception
4,Conception
5,Conception
402,Conception
403,Conception
404,Conception
405,Conception
406,Conception
407,Conception
408,Conception
409,Conception
410,Conception
411,Conception
412,Conception
413,Conception
414,Conception
416,Conception
418,Conception
419,Conception
421,Conception
422,Conception
423,Conception
424,Conception
425,Conception
426,Conception
427,Conception
428,Conception
429,Conception
430,Conception
431,Conception
432,Conception
433,Conception
434,Conception
435,Conception
436,Conception
439,Conception
440,Conception
441,Conception
442,Conception
443,Conception
444,Conception
446,Conception
3291,Conception
15667,Tetaiuo
15668,Tetaiuo
15669,Tetaiuo
15669,Tetaiuo
15670,Tetaiuo
15671,Tetaiuo
15672,Tetaiuo
15672,Tetaiuo
15674,Tetaiuo
15675,Tetaiuo
15676,Tetaiuo
15677,Tetaiuo
15679,Tetaiuo
15680,Tetaiuo
15681,Tetaiuo
15682,Tetaiuo
15683,Tetaiuo
15684,Tetaiuo
15685,Tetaiuo
15686,Tetaiuo
15688,Tetaiuo
15689,Tetaiuo
15689,Tetaiuo
15689,Tetaiuo
15690,Tetaiuo
15691,Tetaiuo
15692,Tetaiuo
15693,Tetaiuo
15694,Tetaiuo
15694,Tetaiuo
15695,Tetaiuo
15696,Tetaiuo
15696,Tetaiuo
15696,Tetaiuo
15697,Tetaiuo
15697,Tetaiuo
15698,Tetaiuo
15698,Tetaiuo
15699,Tetaiuo
15700,Tetaiuo
15701,Tetaiuo
15702,Tetaiuo
15703,Tetaiuo
15704,Tetaiuo
15705,Tetaiuo
15711,Tetaiuo
15712,Tetaiuo
15713,Tetaiuo
15714,Tetaiuo
15715,Tetaiuo
19366,Tiahura
19367,Tiahura
19367,Tiahura
19367,Tiahura
19368,Tiahura
19368,Tiahura
19369,Tiahura
19370,Tiahura
19371,Tiahura
19371,Tiahura
19372,Tiahura
19373,Tiahura
19375,Tiahura
19375,Tiahura
19376,Tiahura
19377,Tiahura
19378,Tiahura
19378,Tiahura
19379,Tiahura
19379,Tiahura
19380,Tiahura
19381,Tiahura
19382,Tiahura
19383,Tiahura
19383,Tiahura
19384,Tiahura
19385,Tiahura
19385,Tiahura
19386,Tiahura
19387,Tiahura
19388,Tiahura
19389,Tiahura
19390,Tiahura
19391,Tiahura
19391,Tiahura
19392,Tiahura
19393,Tiahura
19394,Tiahura
19394,Tiahura
19395,Tiahura
19396,Tiahura
19396,Tiahura
19400,Tiahura
19400,Tiahura
19401,Tiahura
19402,Tiahura
19402,Tiahura
19403,Tiahura
19404,Tiahura
19406,Tiahura
19406,Tiahura
19407,Tiahura
19408,Tiahura
19409,Tiahura
19410,Tiahura
19410,Tiahura
19411,Tiahura
19411,Tiahura
19411,Tiahura
19412,Tiahura
19412,Tiahura
19413,Tiahura
19413,Tiahura
29705,Santo Domingo
29706,Santo Domingo
29707,Santo Domingo
29708,Santo Domingo
29709,Santo Domingo
29710,Santo Domingo
29711,Santo Domingo
29712,Santo Domingo
29713,Santo Domingo
29714,Santo Domingo
29715,Santo Domingo
29716,Santo Domingo
29717,Santo Domingo
29718,Santo Domingo
29719,Santo Domingo
29720,Santo Domingo
29721,Santo Domingo
29722,Santo Domingo
29723,Santo Domingo
29724,Santo Domingo
29725,Santo Domingo
29726,Santo Domingo
29727,Santo Domingo
29728,Santo Domingo
29729,Santo Domingo
29730,Santo Domingo
29731,Santo Domingo
29732,Santo Domingo
29733,Santo Domingo
29734,Santo Domingo
29735,Santo Domingo
29736,Santo Domingo
29737,Santo Domingo
29738,Santo Domingo
29739,Santo Domingo
29740,Santo Domingo
29741,Santo Domingo
29742,Santo Domingo
29743,Santo Domingo
29744,Santo Domingo
29745,Santo Domingo
29746,Santo Domingo
29748,Santo Domingo
29749,Santo Domingo
29795,Santo Domingo
29796,Santo Domingo
29797,Santo Domingo
29798,Santo Domingo
29800,Santo Domingo
29801,Santo Domingo
29802,Santo Domingo
29803,Santo Domingo
29804,Santo Domingo
29805,Santo Domingo
29806,Santo Domingo
29808,Santo Domingo
29809,Santo Domingo
29810,Santo Domingo
29811,Santo Domingo
29812,Santo Domingo
29813,Santo Domingo
29814,Santo Domingo
29815,Santo Domingo
29816,Santo Domingo
29817,Santo Domingo
29818,Santo Domingo
29819,Santo Domingo
29820,Santo Domingo
29821,Santo Domingo
29822,Santo Domingo
29823,Santo Domingo
29824,Santo Domingo
29826,Santo Domingo
29827,Santo Domingo
29828,Santo Domingo
29829,Santo Domingo
29830,Santo Domingo
29831,Santo Domingo
29832,Santo Domingo
29833,Santo Domingo
29834,Santo Domingo
29835,Santo Domingo
29837,Santo Domingo
29840,Santo Domingo
33921,Abrolhos
33922,Abrolhos
33923,Abrolhos
33924,Abrolhos
33925,Abrolhos
33926,Abrolhos
33927,Abrolhos
33928,Abrolhos
33929,Abrolhos
33930,Abrolhos
33931,Abrolhos
33932,Abrolhos
33933,Abrolhos
33934,Abrolhos
33935,Abrolhos
33936,Abrolhos
33937,Abrolhos
33938,Abrolhos
33939,Abrolhos
33940,Abrolhos
33941,Abrolhos
33942,Abrolhos
33943,Abrolhos
33944,Abrolhos
33945,Abrolhos
33946,Abrolhos
33947,Abrolhos
33948,Abrolhos
33949,Abrolhos
33950,Abrolhos
33951,Abrolhos
33952,Abrolhos
33953,Abrolhos
33954,Abrolhos
33955,Abrolhos
33956,Abrolhos
33957,Abrolhos
33958,Abrolhos
33963,Abrolhos
33964,Abrolhos
33967,Abrolhos
33968,Abrolhos
33969,Abrolhos
33970,Abrolhos
33971,Abrolhos
33972,Abrolhos
33973,Abrolhos
33974,Abrolhos
33975,Abrolhos
33976,Abrolhos
33977,Abrolhos
33978,Abrolhos
33979,Abrolhos
33980,Abrolhos
33981,Abrolhos
33982,Abrolhos
33983,Abrolhos
33984,Abrolhos
33985,Abrolhos
33986,Abrolhos
33987,Abrolhos
33988,Abrolhos
33989,Abrolhos
33990,Abrolhos
33991,Abrolhos
33992,Abrolhos
33993,Abrolhos
33994,Abrolhos
33995,Abrolhos
33996,Abrolhos
33997,Abrolhos
33998,Abrolhos
33999,Abrolhos
34001,Abrolhos
34002,Abrolhos
34003,Abrolhos
34004,Abrolhos
34005,Abrolhos
34006,Abrolhos
34007,Abrolhos
34008,Abrolhos
34009,Abrolhos
34010,Abrolhos
34011,Abrolhos
34012,Abrolhos
34013,Abrolhos
34014,Abrolhos
34015,Abrolhos
34016,Abrolhos
34017,Abrolhos
21305,Dutch Reserve
21306,Dutch Reserve
21307,Dutch Reserve
21311,Dutch Reserve
21317,Dutch Reserve
21318,Dutch Reserve
21319,Dutch Reserve
21323,Dutch Reserve
21328,Dutch Reserve
21332,Dutch Reserve
21334,Dutch Reserve
21336,Dutch Reserve
21340,Dutch Reserve
21342,Dutch Reserve
21343,Dutch Reserve
21345,Dutch Reserve
21346,Dutch Reserve
21347,Dutch Reserve
21103,Dutch Reserve
21104,Dutch Reserve
21105,Dutch Reserve
21106,Dutch Reserve
21107,Dutch Reserve
21108,Dutch Reserve
21109,Dutch Reserve
21110,Dutch Reserve
21111,Dutch Reserve
21112,Dutch Reserve
21113,Dutch Reserve
21114,Dutch Reserve
21115,Dutch Reserve
21116,Dutch Reserve
21117,Dutch Reserve
21118,Dutch Reserve
21119,Dutch Reserve
21120,Dutch Reserve
21121,Dutch Reserve
21122,Dutch Reserve
21123,Dutch Reserve
21124,Dutch Reserve
21125,Dutch Reserve
21126,Dutch Reserve
21127,Dutch Reserve
21128,Dutch Reserve
21129,Dutch Reserve
21130,Dutch Reserve
21131,Dutch Reserve
21132,Dutch Reserve
21133,Dutch Reserve
21134,Dutch Reserve
21135,Dutch Reserve
21136,Dutch Reserve
21138,Dutch Reserve
21139,Dutch Reserve
21140,Dutch Reserve
21141,Dutch Reserve
21142,Dutch Reserve
21143,Dutch Reserve
21144,Dutch Reserve
21146,Dutch Reserve
21147,Dutch Reserve
21148,Dutch Reserve
21149,Dutch Reserve
21150,Dutch Reserve
21151,Dutch Reserve
21152,Dutch Reserve
21153,Dutch Reserve
21154,Dutch Reserve
21155,Dutch Reserve
21156,Dutch Reserve
21157,Dutch Reserve
21158,Dutch Reserve
21159,Dutch Reserve
21160,Dutch Reserve
21161,Dutch Reserve
21162,Dutch Reserve
32675,Curacao
32676,Curacao
32677,Curacao
32678,Curacao
32679,Curacao
32680,Curacao
32681,Curacao
32682,Curacao
32683,Curacao
32684,Curacao
32685,Curacao
32686,Curacao
32687,Curacao
32688,Curacao
32689,Curacao
32690,Curacao
32691,Curacao
32692,Curacao
32693,Curacao
32694,Curacao
32695,Curacao
32696,Curacao
32697,Curacao
32698,Curacao
32699,Curacao
32700,Curacao
32701,Curacao
32702,Curacao
32703,Curacao
32704,Curacao
32705,Curacao
32706,Curacao
32707,Curacao
32708,Curacao
32709,Curacao
32710,Curacao
32711,Curacao
32712,Curacao
32713,Curacao
32714,Curacao
32715,Curacao
32716,Curacao
32717,Curacao
32718,Curacao
32719,Curacao
32720,Curacao
32721,Curacao
32722,Curacao
32723,Curacao
32724,Curacao
32725,Curacao
32726,Curacao
32727,Curacao
32728,Curacao
32511,Curacao
32512,Curacao
32513,Curacao
32514,Curacao
32515,Curacao
32516,Curacao
32517,Curacao
32518,Curacao
32519,Curacao
32520,Curacao
32521,Curacao
32522,Curacao
32523,Curacao
32524,Curacao
32525,Curacao
32526,Curacao
32527,Curacao
32528,Curacao
32529,Curacao
32530,Curacao
32531,Curacao
32532,Curacao
32533,Curacao
32534,Curacao
32535,Curacao
32536,Curacao
32537,Curacao
32538,Curacao
32539,Curacao
32540,Curacao
32541,Curacao
32542,Curacao
32543,Curacao
32544,Curacao
32545,Curacao
32546,Curacao
32547,Curacao
32548,Curacao
32549,Curacao
32550,Curacao
32551,Curacao
32552,Curacao
32553,Curacao
32554,Curacao
32555,Curacao
32556,Curacao
32557,Curacao
32558,Curacao
32559,Curacao
32560,Curacao
32561,Curacao
32562,Curacao
32563,Curacao
32564,Curacao
32565,Curacao
32566,Curacao
32567,Curacao
1064,Sipadan
1064,Sipadan
1065,Sipadan
1066,Sipadan
1067,Sipadan
1068,Sipadan
1069,Sipadan
1070,Sipadan
1071,Sipadan
1072,Sipadan
1074,Sipadan
1075,Sipadan
1076,Sipadan
1077,Sipadan
1078,Sipadan
1079,Sipadan
1080,Sipadan
1081,Sipadan
1082,Sipadan
1084,Sipadan
1085,Sipadan
1086,Sipadan
1087,Sipadan
1088,Sipadan
1089,Sipadan
1090,Sipadan
1091,Sipadan
1092,Sipadan
1093,Sipadan
1093,Sipadan
1094,Sipadan
1094,Sipadan
1095,Sipadan
1096,Sipadan
1096,Sipadan
1097,Sipadan
1098,Sipadan
1099,Sipadan
1100,Sipadan
1101,Sipadan
1102,Sipadan
1103,Sipadan
1104,Sipadan
1106,Sipadan
1107,Sipadan
1108,Sipadan
1109,Sipadan
1110,Sipadan
1111,Sipadan
1112,Sipadan
1113,Sipadan
1114,Sipadan
1115,Sipadan
1116,Sipadan
1117,Sipadan
1118,Sipadan
1119,Sipadan
1120,Sipadan
1121,Sipadan
1122,Sipadan
1123,Sipadan
1124,Sipadan
1125,Sipadan
1126,Sipadan
1127,Sipadan
1128,Sipadan
1129,Sipadan
1130,Sipadan
1131,Sipadan
1132,Sipadan
1133,Sipadan
1135,Sipadan
1136,Sipadan
1137,Sipadan
1138,Sipadan
1139,Sipadan
1140,Sipadan
1141,Sipadan
1141,Sipadan
1142,Sipadan
1143,Sipadan
1144,Sipadan
1145,Sipadan
1147,Sipadan
1148,Sipadan
1148,Sipadan
1148,Sipadan
1149,Sipadan
1150,Sipadan
1150,Sipadan
1150,Sipadan
1152,Sipadan
1153,Sipadan
1154,Sipadan
1155,Sipadan
1156,Sipadan
1156,Sipadan
1156,Sipadan
1157,Sipadan
1157,Sipadan
22937,Techobanine
22938,Techobanine
22939,Techobanine
22940,Techobanine
22941,Techobanine
22942,Techobanine
22943,Techobanine
22944,Techobanine
22945,Techobanine
22946,Techobanine
22947,Techobanine
22948,Techobanine
22949,Techobanine
22950,Techobanine
22951,Techobanine
22952,Techobanine
22953,Techobanine
22954,Techobanine
22955,Techobanine
22956,Techobanine
22957,Techobanine
22958,Techobanine
22959,Techobanine
22960,Techobanine
22961,Techobanine
22962,Techobanine
22963,Techobanine
22964,Techobanine
22965,Techobanine
22966,Techobanine
22967,Techobanine
22968,Techobanine
22969,Techobanine
22970,Techobanine
22971,Techobanine
22972,Techobanine
22973,Techobanine
22974,Techobanine
22975,Techobanine
22976,Techobanine
22977,Techobanine
22978,Techobanine
22979,Techobanine
22980,Techobanine
22981,Techobanine
22982,Techobanine
22983,Techobanine
22984,Techobanine
22985,Techobanine
22986,Techobanine
22987,Techobanine
22988,Techobanine
22989,Techobanine
22990,Techobanine
22991,Techobanine
22992,Techobanine
22993,Techobanine
22994,Techobanine
17081,Bird Cay
17081,Bird Cay
17082,Bird Cay
17083,Bird Cay
17084,Bird Cay
17085,Bird Cay
17085,Bird Cay
17086,Bird Cay
17087,Bird Cay
17088,Bird Cay
17089,Bird Cay
17090,Bird Cay
17091,Bird Cay
17092,Bird Cay
17093,Bird Cay
17094,Bird Cay
17095,Bird Cay
17096,Bird Cay
17097,Bird Cay
17098,Bird Cay
17099,Bird Cay
17100,Bird Cay
17100,Bird Cay
17101,Bird Cay
17102,Bird Cay
17103,Bird Cay
17104,Bird Cay
17104,Bird Cay
17105,Bird Cay
17105,Bird Cay
17106,Bird Cay
17107,Bird Cay
17107,Bird Cay
17108,Bird Cay
17109,Bird Cay
17110,Bird Cay
17111,Bird Cay
17112,Bird Cay
17113,Bird Cay
17114,Bird Cay
17115,Bird Cay
17116,Bird Cay
17117,Bird Cay
17117,Bird Cay
17117,Bird Cay
17118,Bird Cay
17118,Bird Cay
17119,Bird Cay
17120,Bird Cay
17120,Bird Cay
17121,Bird Cay
17121,Bird Cay
17121,Bird Cay
17121,Bird Cay
17122,Bird Cay
17123,Bird Cay
17124,Bird Cay
17124,Bird Cay
17125,Bird Cay
17125,Bird Cay
17126,Bird Cay
17127,Bird Cay
17128,Bird Cay
17129,Bird Cay
17130,Bird Cay
1722,Ngeruangel
1723,Ngeruangel
1724,Ngeruangel
1725,Ngeruangel
1726,Ngeruangel
1727,Ngeruangel
1728,Ngeruangel
1729,Ngeruangel
1730,Ngeruangel
1731,Ngeruangel
1732,Ngeruangel
1733,Ngeruangel
1734,Ngeruangel
1735,Ngeruangel
1736,Ngeruangel
1737,Ngeruangel
1738,Ngeruangel
1739,Ngeruangel
1740,Ngeruangel
1741,Ngeruangel
1742,Ngeruangel
1743,Ngeruangel
1744,Ngeruangel
1745,Ngeruangel
1746,Ngeruangel
1747,Ngeruangel
1748,Ngeruangel
1749,Ngeruangel
1750,Ngeruangel
1751,Ngeruangel
1752,Ngeruangel
1753,Ngeruangel
1754,Ngeruangel
1755,Ngeruangel
1756,Ngeruangel
1813,Ngeruangel
1814,Ngeruangel
1815,Ngeruangel
1816,Ngeruangel
1817,Ngeruangel
1818,Ngeruangel
1819,Ngeruangel
1820,Ngeruangel
1822,Ngeruangel
1823,Ngeruangel
1824,Ngeruangel
1825,Ngeruangel
1826,Ngeruangel
1827,Ngeruangel
1828,Ngeruangel
1829,Ngeruangel
1830,Ngeruangel
1831,Ngeruangel
1832,Ngeruangel
1833,Ngeruangel
1834,Ngeruangel
1835,Ngeruangel
1836,Ngeruangel
1837,Ngeruangel
1838,Ngeruangel
1839,Ngeruangel
1840,Ngeruangel
1757,Ngeruangel
1758,Ngeruangel
1759,Ngeruangel
1760,Ngeruangel
1761,Ngeruangel
1762,Ngeruangel
1763,Ngeruangel
1764,Ngeruangel
1765,Ngeruangel
1766,Ngeruangel
1767,Ngeruangel
1768,Ngeruangel
1769,Ngeruangel
1770,Ngeruangel
1771,Ngeruangel
1772,Ngeruangel
1773,Ngeruangel
1774,Ngeruangel
1775,Ngeruangel
1776,Ngeruangel
1777,Ngeruangel
1778,Ngeruangel
1779,Ngeruangel
1780,Ngeruangel
1781,Ngeruangel
1782,Ngeruangel
1783,Ngeruangel
1784,Ngeruangel
1785,Ngeruangel
1786,Ngeruangel
1787,Ngeruangel
1788,Ngeruangel
1789,Ngeruangel
1790,Ngeruangel
1791,Ngeruangel
1792,Ngeruangel
1793,Ngeruangel
1794,Ngeruangel
1795,Ngeruangel
1796,Ngeruangel
1797,Ngeruangel
1798,Ngeruangel
1799,Ngeruangel
1800,Ngeruangel
1801,Ngeruangel
1802,Ngeruangel
1803,Ngeruangel
1804,Ngeruangel
1805,Ngeruangel
1806,Ngeruangel
1807,Ngeruangel
1808,Ngeruangel
1809,Ngeruangel
1810,Ngeruangel
1811,Ngeruangel
1812,Ngeruangel
1841,Ngeruangel
1842,Ngeruangel
30879,Oracabessa
30881,Oracabessa
30882,Oracabessa
30883,Oracabessa
30884,Oracabessa
30885,Oracabessa
30899,Oracabessa
30900,Oracabessa
30901,Oracabessa
30902,Oracabessa
30903,Oracabessa
30904,Oracabessa
30867,Sandals Boscobel
30870,Sandals Boscobel
30871,Sandals Boscobel
30872,Sandals Boscobel
30873,Sandals Boscobel
30874,Sandals Boscobel
30875,Sandals Boscobel
30876,Sandals Boscobel
30877,Sandals Boscobel
30878,Sandals Boscobel
30886,Sandals Boscobel
30887,Sandals Boscobel
30888,Sandals Boscobel
30889,Sandals Boscobel
30890,Sandals Boscobel
30891,Sandals Boscobel
30892,Sandals Boscobel
30893,Sandals Boscobel
30895,Sandals Boscobel
30896,Sandals Boscobel
30897,Sandals Boscobel
30898,Sandals Boscobel
34900,Jardines de la Reina
34901,Jardines de la Reina
34903,Jardines de la Reina
34904,Jardines de la Reina
34906,Jardines de la Reina
34907,Jardines de la Reina
34909,Jardines de la Reina
34910,Jardines de la Reina
34911,Jardines de la Reina
34912,Jardines de la Reina
34913,Jardines de la Reina
34914,Jardines de la Reina
34915,Jardines de la Reina
34916,Jardines de la Reina
34918,Jardines de la Reina
34920,Jardines de la Reina
34921,Jardines de la Reina
34922,Jardines de la Reina
34923,Jardines de la Reina
34924,Jardines de la Reina
34925,Jardines de la Reina
34927,Jardines de la Reina
34928,Jardines de la Reina
34931,Jardines de la Reina
34932,Jardines de la Reina
34933,Jardines de la Reina
34936,Jardines de la Reina
34937,Jardines de la Reina
34938,Jardines de la Reina
34939,Jardines de la Reina
34942,Jardines de la Reina
34944,Jardines de la Reina
34945,Jardines de la Reina
34946,Jardines de la Reina
34947,Jardines de la Reina
34949,Jardines de la Reina
34950,Jardines de la Reina
34951,Jardines de la Reina
34952,Jardines de la Reina
34953,Jardines de la Reina
34954,Jardines de la Reina
34956,Jardines de la Reina
34957,Jardines de la Reina
34958,Jardines de la Reina
34959,Jardines de la Reina
34960,Jardines de la Reina
34961,Jardines de la Reina
34962,Jardines de la Reina
34963,Jardines de la Reina
34964,Jardines de la Reina
34965,Jardines de la Reina
34966,Jardines de la Reina
34967,Jardines de la Reina
34968,Jardines de la Reina
34969,Jardines de la Reina
34970,Jardines de la Reina
34971,Jardines de la Reina
34972,Jardines de la Reina
34973,Jardines de la Reina
